00001,SALLE DES COMMISSIONS,971,781,2,779,80.43,19,2.44,1,0.13,8,1.03,15,1.93,8,1.03,11,1.41,245,31.45,156,20.03,272,34.92,7,0.88,1,0.13,36,4.62
00002,MATERNELLE LAKANAL,816,687,5,682,84.19,17,2.49,3,0.44,3,0.44,13,1.91,4,0.59,11,1.61,243,35.63,138,20.23,215,31.52,11,1.61,1,0.16,23,3.37
00003,ECOLE FOURTANIER,793,676,3,673,85.25,11,1.63,0,0.0,3,0.45,5,0.74,2,0.3,15,2.23,177,26.3,139,20.65,282,41.9,11,1.63,1,0.16,27,4.01
00004,ECOLE FOURTANIER,956,792,3,789,82.85,12,1.52,1,0.14,3,0.38,3,0.38,8,1.01,7,0.89,186,23.57,143,18.12,370,46.89,7,0.89,2,0.25,47,5.96
00005,ECOLE FOURTANIER,762,649,2,647,85.17,12,1.85,1,0.15,3,0.49,9,1.39,12,1.85,9,1.39,176,27.2,117,18.08,262,40.49,8,1.24,1,0.15,37,5.72
00006,ECOLE LAKANAL,955,810,6,804,84.82,16,1.99,0,0.0,5,0.62,24,2.99,15,1.87,20,2.49,336,41.79,179,22.26,182,22.64,4,0.5,1,0.11,22,2.74
00007,ECOLE LAKANAL,946,795,3,792,84.04,28,3.54,1,0.13,5,0.63,25,3.16,9,1.14,14,1.77,326,41.16,165,20.83,197,24.87,5,0.63,2,0.25,15,1.89
00008,ECOLE MICHELET,846,723,6,717,85.46,24,3.35,0,0.0,8,1.12,26,3.63,5,0.7,19,2.65,265,36.96,139,19.39,208,29.01,5,0.7,2,0.26,16,2.23
00009,ECOLE MICHELET,953,772,4,768,81.01,20,2.6,3,0.39,2,0.27,17,2.21,17,2.21,15,1.95,238,30.99,181,23.57,236,30.73,9,1.17,0,0.0,30,3.91
00010,ECOLE MICHELET,938,737,9,728,78.57,26,3.57,1,0.13,5,0.69,11,1.51,7,0.96,14,1.92,221,30.36,172,23.63,230,31.59,13,1.79,0,0.0,28,3.85
00011,ECOLE CALVINHAC,1073,910,9,901,84.81,21,2.33,0,0.0,5,0.55,20,2.22,8,0.89,20,2.22,293,32.52,169,18.76,302,33.52,9,1.0,3,0.33,51,5.66
00012,ECOLE CALVINHAC,1034,854,8,846,82.59,19,2.25,2,0.25,6,0.71,14,1.65,10,1.18,11,1.3,244,28.84,167,19.74,277,32.74,16,1.89,4,0.47,76,8.98
00013,ECOLE BONHOURE,960,826,3,823,86.04,38,4.62,3,0.36,1,0.12,19,2.31,14,1.7,18,2.19,349,42.41,142,17.25,190,23.09,9,1.09,0,0.0,40,4.86
00014,ECOLE BONHOURE,1085,922,4,918,84.98,31,3.38,0,0.0,7,0.76,23,2.51,9,0.98,24,2.61,301,32.79,190,20.7,279,30.39,8,0.87,2,0.22,44,4.79
00015,ECOLE BONHOURE,925,772,6,766,83.46,33,4.31,2,0.26,6,0.77,14,1.83,15,1.96,11,1.44,295,38.51,139,18.15,213,27.81,8,1.04,2,0.26,28,3.66
00016,ECOLE BONHOURE,866,754,5,749,87.07,29,3.87,1,0.14,6,0.8,18,2.4,8,1.07,22,2.94,237,31.64,140,18.69,247,32.98,9,1.2,4,0.53,28,3.74
00017,ECOLE BONHOURE,925,765,6,759,82.7,25,3.29,6,0.79,6,0.79,16,2.11,7,0.92,13,1.71,261,34.39,182,23.98,186,24.51,11,1.45,2,0.26,44,5.8
00018,ECOLE JEAN JAURES,1105,934,4,930,84.52,35,3.76,2,0.22,7,0.75,23,2.47,14,1.51,18,1.94,315,33.87,180,19.35,279,30.0,4,0.43,3,0.32,50,5.38
00019,ECOLE JEAN JAURES,979,848,6,842,86.62,21,2.49,1,0.12,1,0.12,13,1.54,10,1.19,16,1.9,268,31.83,157,18.65,305,36.22,11,1.31,2,0.24,37,4.39
00020,ECOLE JEAN JAURES,973,869,7,862,89.31,26,3.02,1,0.11,0,0.0,12,1.39,10,1.16,10,1.16,251,29.12,184,21.35,319,37.01,8,0.93,2,0.23,39,4.52
00021,ECOLE JEAN JAURES,895,764,7,757,85.36,17,2.25,2,0.26,2,0.26,10,1.32,8,1.06,7,0.92,161,21.27,152,20.08,351,46.37,17,2.25,0,0.0,30,3.96
00022,ECOLE JEAN JAURES,1032,885,7,878,85.76,24,2.73,0,0.0,3,0.34,12,1.37,12,1.37,14,1.59,266,30.3,191,21.75,312,35.54,15,1.71,2,0.22,27,3.08
00023,ECOLE PIERRE DUPONT,1022,838,11,827,82.0,40,4.84,2,0.25,5,0.6,12,1.45,15,1.81,20,2.42,340,41.11,194,23.46,150,18.14,3,0.36,0,0.0,46,5.56
00024,ECOLE PIERRE DUPONT,963,820,9,811,85.15,51,6.29,1,0.13,4,0.49,21,2.59,13,1.6,12,1.48,313,38.59,148,18.25,212,26.14,2,0.25,0,0.0,34,4.19
00025,ECOLE PIERRE DUPONT,1033,857,2,855,82.96,29,3.39,1,0.13,10,1.17,24,2.81,13,1.52,17,1.99,347,40.58,167,19.53,199,23.27,6,0.7,0,0.0,42,4.91
00026,ECOLE LAMARCK,913,783,7,776,85.76,26,3.35,2,0.26,2,0.26,13,1.68,9,1.16,18,2.32,223,28.74,184,23.71,255,32.86,10,1.29,1,0.12,33,4.25
00027,ECOLE FABRE,948,796,4,792,83.97,23,2.9,1,0.13,14,1.77,14,1.77,10,1.26,8,1.01,273,34.47,141,17.8,260,32.83,9,1.14,2,0.25,37,4.67
00028,ECOLE FABRE,1047,896,6,890,85.58,39,4.38,1,0.11,3,0.34,17,1.91,5,0.56,16,1.8,307,34.49,193,21.69,270,30.34,8,0.9,2,0.22,29,3.26
00029,ECOLE FABRE,1088,918,4,914,84.38,23,2.52,0,0.0,3,0.33,19,2.08,9,0.98,22,2.41,327,35.78,189,20.68,268,29.32,6,0.65,3,0.33,45,4.92
00030,ECOLE FABRE,925,777,4,773,84.0,16,2.07,1,0.13,1,0.13,15,1.94,7,0.92,13,1.68,183,23.67,151,19.53,334,43.21,10,1.29,1,0.13,41,5.3
00031,ECOLE FABRE,951,818,7,811,86.01,23,2.84,2,0.25,4,0.47,8,0.99,11,1.36,6,0.74,204,25.15,154,18.99,353,43.53,14,1.73,2,0.25,30,3.7
00032,CENTRE CULTUREL,802,708,6,702,88.28,11,1.57,1,0.13,4,0.57,12,1.71,7,1.0,8,1.14,125,17.81,137,19.52,350,49.86,11,1.57,2,0.28,34,4.84
00033,ECOLE LESPINASSE,985,842,9,833,85.48,24,2.88,5,0.6,10,1.2,16,1.92,34,4.08,21,2.52,312,37.45,159,19.09,197,23.65,5,0.6,4,0.49,46,5.52
00034,ECOLE LESPINASSE,911,796,9,787,87.38,27,3.43,2,0.25,8,1.02,22,2.8,12,1.52,15,1.91,326,41.42,148,18.81,177,22.49,6,0.76,2,0.25,42,5.34
00035,ECOLE LESPINASSE,1005,844,9,835,83.98,34,4.07,3,0.37,7,0.84,26,3.11,18,2.16,21,2.51,359,42.99,193,23.11,140,16.77,6,0.72,4,0.48,24,2.87
00036,ECOLE LESPINASSE,839,713,11,702,84.98,23,3.28,3,0.43,4,0.57,14,1.99,13,1.85,13,1.85,237,33.76,152,21.65,197,28.06,11,1.57,3,0.43,32,4.56
00037,ECOLE MOLIERE,844,721,5,716,85.43,27,3.77,0,0.0,7,0.98,24,3.35,16,2.23,11,1.54,265,37.01,139,19.41,179,25.0,6,0.84,2,0.28,40,5.59
00038,ECOLE MOLIERE,939,802,11,791,85.41,39,4.93,3,0.38,5,0.63,27,3.41,8,1.01,19,2.4,323,40.83,153,19.34,141,17.83,12,1.52,1,0.13,60,7.59
00039,ECOLE MOLIERE,1053,905,7,898,85.94,40,4.45,2,0.22,6,0.67,18,2.0,12,1.34,21,2.34,355,39.53,187,20.82,200,22.27,7,0.78,1,0.12,49,5.46
00040,ECOLE PATTE D OIE,1339,1147,13,1134,85.66,42,3.7,2,0.18,7,0.62,12,1.06,32,2.82,20,1.76,433,38.18,244,21.52,264,23.28,7,0.62,2,0.18,69,6.08
00041,ECOLE PATTE D OIE,995,868,15,853,87.24,31,3.63,4,0.47,9,1.06,26,3.05,18,2.11,14,1.64,310,36.34,180,21.1,204,23.92,12,1.41,1,0.11,44,5.16
00042,ECOLE PATTE D OIE,809,691,4,687,85.41,15,2.18,0,0.0,5,0.71,14,2.04,10,1.46,20,2.91,262,38.14,129,18.78,179,26.06,12,1.75,0,0.0,41,5.97
00043,ECOLE PATTE D OIE,918,769,11,758,83.77,36,4.75,3,0.4,6,0.79,18,2.37,13,1.72,13,1.72,300,39.58,129,17.02,180,23.75,5,0.66,1,0.12,54,7.12
00044,ECOLE PATTE D OIE,1008,842,12,830,83.53,34,4.1,0,0.0,8,0.96,21,2.53,18,2.17,13,1.57,318,38.31,185,22.29,174,20.96,5,0.61,6,0.72,48,5.78
00045,ECOLE ETIENNE BILLIERES,962,789,13,776,82.02,33,4.25,3,0.39,12,1.55,12,1.55,15,1.93,5,0.64,320,41.24,133,17.14,179,23.07,5,0.64,2,0.25,57,7.35
00046,ECOLE ETIENNE BILLIERES,986,847,7,840,85.9,30,3.57,0,0.0,13,1.55,8,0.95,11,1.31,13,1.55,320,38.1,151,17.98,235,27.98,11,1.31,2,0.22,46,5.48
00047,ECOLE ETIENNE BILLIERES,969,842,9,833,86.89,37,4.44,2,0.24,6,0.72,14,1.68,22,2.64,18,2.16,325,39.02,143,17.17,202,24.25,8,0.96,5,0.6,51,6.12
00048,ECOLE ETIENNE BILLIERES,967,779,14,765,80.56,32,4.18,4,0.52,4,0.52,11,1.44,11,1.44,14,1.83,325,42.48,98,12.81,174,22.75,13,1.7,5,0.66,74,9.67
00049,ECOLE DES GAIS PINSONS,574,471,3,468,82.06,24,5.13,0,0.0,5,1.07,17,3.63,19,4.06,11,2.35,167,35.68,73,15.6,106,22.65,12,2.56,4,0.86,30,6.41
00050,ECOLE FONTAINE BAYONNE,947,800,7,793,84.48,38,4.79,3,0.38,7,0.88,11,1.39,18,2.27,7,0.88,328,41.36,142,17.91,162,20.43,14,1.77,4,0.5,59,7.44
00051,ECOLE FONTAINE BAYONNE,1010,857,13,844,84.85,29,3.44,2,0.24,9,1.07,25,2.96,16,1.9,16,1.9,306,36.26,189,22.39,192,22.75,7,0.83,1,0.1,52,6.16
00052,ECOLE FONTAINE BAYONNE,1017,850,12,838,83.58,46,5.49,5,0.6,7,0.84,12,1.43,19,2.27,10,1.19,295,35.2,149,17.78,211,25.18,14,1.67,3,0.35,67,8.0
00053,ECOLE AMIDONNIERS,1016,875,11,864,86.12,31,3.59,6,0.69,5,0.58,28,3.24,13,1.5,16,1.85,296,34.26,192,22.22,220,25.46,10,1.16,3,0.36,44,5.09
00054,ECOLE AMIDONNIERS,937,815,9,806,86.98,28,3.47,1,0.12,8,0.99,19,2.36,13,1.61,16,1.99,315,39.08,181,22.46,181,22.46,8,0.99,2,0.25,34,4.22
00055,ECOLE AMIDONNIERS,974,836,8,828,85.83,26,3.14,1,0.11,5,0.6,21,2.54,9,1.09,25,3.02,348,42.03,164,19.81,177,21.38,11,1.33,0,0.0,41,4.95
00056,ECOLE SUPERIEURE DE COMMERCE,992,855,7,848,86.19,29,3.42,4,0.47,6,0.71,16,1.89,8,0.94,17,2.0,290,34.2,199,23.47,240,28.3,9,1.06,2,0.24,28,3.3
00057,FOYER DU 3 EME  AGE,633,529,9,520,83.57,23,4.42,4,0.76,8,1.54,12,2.31,5,0.96,12,2.31,169,32.5,78,15.0,172,33.08,7,1.35,0,0.0,30,5.77
00058,ECOLE CLAUDE NOUGARO,1233,1069,15,1054,86.7,39,3.7,2,0.2,7,0.66,20,1.9,15,1.42,24,2.28,395,37.48,247,23.43,249,23.62,5,0.47,6,0.57,45,4.27
00059,ECOLE CLAUDE NOUGARO,1025,881,6,875,85.95,28,3.2,3,0.34,4,0.46,19,2.17,14,1.6,17,1.94,360,41.14,170,19.43,197,22.51,9,1.03,2,0.24,52,5.94
00060,ECOLE CLAUDE NOUGARO,877,725,7,718,82.67,22,3.06,1,0.14,4,0.56,17,2.37,17,2.37,7,0.97,263,36.63,122,16.99,184,25.63,8,1.11,3,0.42,70,9.75
00061,ECOLE ALFRED DE MUSSET,828,680,8,672,82.13,16,2.38,2,0.29,8,1.19,14,2.08,20,2.98,13,1.93,281,41.82,115,17.11,155,23.07,4,0.6,0,0.0,44,6.55
00062,ECOLE ALFRED DE MUSSET,1004,812,7,805,80.88,37,4.6,2,0.25,5,0.62,18,2.24,6,0.75,15,1.86,304,37.76,120,14.91,209,25.96,16,1.99,1,0.12,72,8.94
00063,ECOLE ALFRED DE MUSSET,757,593,11,582,78.34,24,4.12,1,0.17,1,0.17,10,1.72,17,2.92,11,1.89,246,42.27,87,14.95,133,22.85,4,0.69,1,0.17,47,8.08
00064,MATERNELLE DU BEARNAIS,1001,863,6,857,86.21,34,3.97,1,0.11,13,1.52,15,1.75,13,1.52,19,2.22,311,36.29,151,17.62,231,26.95,10,1.17,3,0.35,56,6.53
00065,MATERNELLE DU BEARNAIS,892,768,6,762,86.1,25,3.28,2,0.26,6,0.79,10,1.31,17,2.23,18,2.36,277,36.35,128,16.8,204,26.77,8,1.05,1,0.14,66,8.66
00066,ECOLE FALGUIERE,781,653,3,650,83.61,26,4.0,0,0.0,2,0.31,12,1.85,8,1.23,10,1.54,220,33.85,146,22.46,190,29.23,10,1.54,1,0.14,25,3.85
00067,ECOLE FALGUIERE,899,791,11,780,87.99,27,3.46,3,0.4,1,0.13,15,1.92,10,1.28,14,1.79,267,34.23,205,26.28,209,26.79,5,0.64,1,0.13,23,2.95
00068,ECOLE DES SEPT DENIERS,947,809,10,799,85.43,24,3.0,2,0.26,9,1.13,8,1.0,18,2.25,14,1.75,273,34.17,167,20.9,216,27.03,7,0.88,8,1.0,53,6.63
00069,ECOLE DES SEPT DENIERS,874,749,7,742,85.7,29,3.91,3,0.4,4,0.54,14,1.89,25,3.37,14,1.89,241,32.48,145,19.54,209,28.17,8,1.08,3,0.4,47,6.33
00070,MAIRIE ANNEXE DES SEPT DENIERS,752,638,8,630,84.84,20,3.17,3,0.48,5,0.79,12,1.9,10,1.59,13,2.06,219,34.76,124,19.68,162,25.71,7,1.11,2,0.34,53,8.41
00071,MAIRIE ANNEXE DES SEPT DENIERS,948,773,5,768,81.54,31,4.04,0,0.0,7,0.91,17,2.21,13,1.69,17,2.21,299,38.93,112,14.58,177,23.05,9,1.17,4,0.53,82,10.68
00072,ECOLE SERMET,1128,924,4,920,81.91,17,1.85,3,0.33,7,0.76,22,2.39,4,0.43,19,2.07,378,41.09,206,22.39,227,24.67,5,0.54,0,0.0,32,3.48
00073,ECOLE SERMET,1108,922,6,916,83.21,29,3.17,2,0.22,5,0.55,21,2.29,7,0.76,17,1.86,324,35.37,198,21.62,269,29.37,7,0.76,1,0.1,36,3.93
00074,SALLE SENECHAL,673,561,6,555,83.36,10,1.8,0,0.0,3,0.55,8,1.44,6,1.08,6,1.08,134,24.14,106,19.1,257,46.31,6,1.08,0,0.0,19,3.42
00075,ECOLE DU NORD,895,737,7,730,82.35,39,5.34,0,0.0,4,0.55,20,2.74,8,1.1,9,1.23,328,44.93,127,17.4,155,21.23,5,0.68,1,0.14,34,4.66
00076,ECOLE DU NORD,983,830,8,822,84.44,28,3.41,1,0.12,8,0.97,26,3.16,16,1.95,30,3.65,327,39.78,152,18.49,203,24.7,6,0.73,0,0.0,25,3.04
00077,ECOLE DU NORD,895,776,8,768,86.7,24,3.13,2,0.26,0,0.0,16,2.08,8,1.04,16,2.08,265,34.51,146,19.01,250,32.55,8,1.04,0,0.0,33,4.3
00078,ECOLE DU NORD,919,794,7,787,86.4,25,3.18,4,0.5,1,0.13,17,2.16,7,0.89,22,2.8,255,32.4,149,18.93,261,33.16,5,0.64,1,0.13,40,5.08
00079,ECOLE DU NORD,843,713,5,708,84.58,23,3.25,0,0.0,8,1.13,15,2.12,14,1.98,12,1.69,277,39.12,143,20.2,190,26.84,3,0.42,1,0.14,22,3.11
00080,ECOLE BAYARD,1025,849,6,843,82.83,32,3.8,0,0.0,6,0.71,20,2.37,4,0.47,22,2.61,302,35.82,149,17.67,257,30.49,8,0.95,1,0.13,42,4.98
00081,ECOLE BAYARD,1217,989,16,973,81.27,50,5.14,2,0.22,11,1.13,33,3.39,8,0.82,23,2.36,389,39.98,196,20.14,209,21.48,7,0.72,0,0.0,45,4.62
00082,ECOLE BAYARD,985,791,2,789,80.3,27,3.42,2,0.27,6,0.76,18,2.28,11,1.39,15,1.9,269,34.09,141,17.87,250,31.69,14,1.77,0,0.0,36,4.56
00083,ECOLE BAYARD,970,815,3,812,84.02,22,2.71,2,0.25,6,0.74,9,1.11,9,1.11,6,0.74,235,28.94,156,19.21,323,39.78,10,1.23,1,0.12,33,4.06
00084,ECOLE BAYARD,1121,959,8,951,85.55,35,3.68,1,0.11,3,0.31,21,2.21,11,1.16,6,0.63,336,35.33,187,19.66,292,30.7,10,1.05,1,0.11,48,5.05
00085,PISCINE LEO LAGRANGE,876,718,13,705,81.96,27,3.83,0,0.0,7,0.99,11,1.56,9,1.28,20,2.84,257,36.45,134,19.01,201,28.51,6,0.85,2,0.28,31,4.4
00086,PISCINE LEO LAGRANGE,1138,970,13,957,85.24,36,3.76,0,0.0,11,1.15,33,3.45,9,0.94,28,2.93,359,37.51,186,19.44,240,25.08,3,0.31,0,0.0,52,5.43
00087,ECOLE BONNEFOY,1229,1017,7,1010,82.75,39,3.86,3,0.29,13,1.29,24,2.38,30,2.97,22,2.18,391,38.71,162,16.04,222,21.98,17,1.68,4,0.4,83,8.22
00088,ECOLE BONNEFOY,1075,896,3,893,83.35,34,3.81,2,0.22,6,0.67,24,2.69,15,1.68,15,1.68,357,39.98,158,17.69,223,24.97,6,0.67,3,0.34,50,5.6
00089,ECOLE BONNEFOY,1036,849,14,835,81.95,29,3.47,2,0.24,5,0.59,12,1.44,15,1.8,19,2.28,288,34.49,149,17.84,229,27.43,11,1.32,2,0.24,74,8.86
00090,ECOLE BONNEFOY,1068,842,12,830,78.84,52,6.27,2,0.23,5,0.6,26,3.13,16,1.93,14,1.69,293,35.3,156,18.8,192,23.13,11,1.33,4,0.48,59,7.11
00091,ECOLE BONNEFOY,1081,856,6,850,79.19,44,5.18,4,0.46,16,1.88,18,2.12,23,2.71,10,1.18,281,33.06,123,14.47,237,27.88,17,2.0,0,0.0,77,9.06
00092,ECOLE BONNEFOY,1101,917,8,909,83.29,24,2.64,1,0.12,3,0.33,18,1.98,11,1.21,16,1.76,337,37.07,170,18.7,260,28.6,12,1.32,2,0.22,55,6.05
00093,ECOLE BONNEFOY,1172,977,12,965,83.36,37,3.83,1,0.1,5,0.52,28,2.9,21,2.18,20,2.09,368,38.13,190,19.69,241,24.97,5,0.52,1,0.1,48,4.97
00094,ECOLE PIERRE ET MARIE CURIE,997,833,8,825,83.55,34,4.12,0,0.0,7,0.85,20,2.42,25,3.03,15,1.82,323,39.15,165,20.0,196,23.76,8,0.97,2,0.24,30,3.64
00095,ECOLE PIERRE ET MARIE CURIE,1024,876,11,865,85.55,36,4.16,3,0.35,4,0.46,22,2.54,22,2.54,17,1.97,323,37.34,181,20.92,192,22.2,9,1.04,2,0.24,54,6.24
00096,ECOLE PIERRE ET MARIE CURIE,954,778,13,765,81.55,32,4.18,1,0.13,12,1.57,18,2.35,24,3.14,12,1.57,300,39.22,125,16.34,169,22.09,8,1.05,2,0.26,62,8.1
00097,ECOLE PIERRE ET MARIE CURIE,1102,953,15,938,86.48,34,3.62,4,0.43,6,0.64,20,2.13,23,2.45,13,1.39,375,39.98,149,15.88,205,21.86,15,1.6,5,0.53,89,9.49
00099,ECOLE PIERRE ET MARIE CURIE,919,747,10,737,81.28,36,4.88,2,0.27,6,0.81,15,2.04,34,4.61,14,1.91,282,38.26,109,14.79,186,25.24,6,0.81,2,0.27,45,6.11
00100,ECOLE MONGE,983,795,3,792,80.87,37,4.67,1,0.12,5,0.63,31,3.91,4,0.51,35,4.42,361,45.58,143,18.06,132,16.67,6,0.76,3,0.38,34,4.29
00101,ECOLE MONGE,1088,926,7,919,85.11,48,5.22,3,0.33,12,1.31,23,2.5,13,1.41,17,1.85,363,39.5,171,18.61,209,22.74,15,1.63,4,0.44,41,4.46
00102,ECOLE MONGE,716,546,1,545,76.26,25,4.59,2,0.37,7,1.28,11,2.02,13,2.39,6,1.1,204,37.43,96,17.61,135,24.77,10,1.83,1,0.19,35,6.42
00103,ECOLE MONGE,856,691,9,682,80.72,20,2.93,2,0.29,7,1.03,10,1.47,26,3.81,4,0.59,287,42.08,131,19.21,137,20.09,8,1.17,6,0.88,44,6.45
00104,ECOLE MICHOUN,928,755,9,746,81.36,15,2.01,3,0.4,5,0.67,9,1.21,20,2.68,11,1.47,259,34.72,139,18.63,208,27.88,20,2.68,2,0.28,55,7.37
00105,ECOLE MICHOUN,890,725,8,717,81.46,29,4.04,3,0.42,7,0.98,12,1.67,17,2.37,16,2.23,259,36.12,117,16.32,175,24.41,9,1.26,0,0.0,73,10.18
00106,ECOLE MICHOUN,974,814,13,801,83.57,47,5.87,4,0.51,7,0.87,11,1.37,12,1.5,6,0.75,272,33.96,168,20.97,174,21.72,13,1.62,6,0.75,81,10.11
00107,ECOLE MICHOUN,1150,1013,8,1005,88.09,32,3.18,3,0.3,13,1.29,21,2.09,12,1.19,22,2.19,321,31.94,208,20.7,288,28.66,12,1.19,2,0.21,71,7.06
00108,ECOLE MICHOUN,937,832,9,823,88.79,30,3.65,0,0.0,4,0.49,16,1.94,18,2.19,8,0.97,236,28.68,154,18.71,280,34.02,6,0.73,2,0.24,69,8.38
00109,ECOLE LA JUNCASSE,1029,849,7,842,82.51,39,4.63,6,0.7,4,0.48,19,2.26,12,1.43,15,1.78,266,31.59,142,16.86,262,31.12,7,0.83,4,0.48,66,7.84
0010A,ECOLE MICHELET,950,785,7,778,82.63,18,2.31,2,0.26,8,1.03,21,2.7,4,0.51,17,2.19,315,40.49,158,20.31,186,23.91,4,0.51,0,0.0,45,5.78
00110,ECOLE LA JUNCASSE,883,735,6,729,83.24,21,2.88,4,0.55,9,1.23,10,1.37,21,2.88,8,1.1,254,34.84,132,18.11,206,28.26,5,0.69,6,0.82,53,7.27
00111,ECOLE LA JUNCASSE,972,815,4,811,83.85,22,2.71,2,0.26,10,1.23,16,1.97,7,0.86,15,1.85,264,32.55,188,23.18,218,26.88,10,1.23,3,0.37,56,6.91
00112,ECOLE LA JUNCASSE,879,696,1,695,79.18,32,4.6,2,0.28,7,1.01,12,1.73,27,3.88,10,1.44,239,34.39,110,15.83,172,24.75,5,0.72,3,0.43,76,10.94
00113,ECOLE LA JUNCASSE,1013,863,6,857,85.19,35,4.08,2,0.23,14,1.63,13,1.52,26,3.03,16,1.87,326,38.04,185,21.59,181,21.12,10,1.17,1,0.12,48,5.6
00114,ECOLE SOUPETARD,923,736,19,717,79.74,31,4.32,3,0.42,11,1.53,15,2.09,10,1.39,10,1.39,308,42.96,108,15.06,142,19.8,12,1.67,2,0.3,65,9.07
00115,ECOLE SOUPETARD,706,552,5,547,78.19,30,5.48,0,0.0,5,0.92,8,1.46,7,1.28,7,1.28,212,38.76,85,15.54,126,23.03,11,2.01,8,1.46,48,8.78
00116,ECOLE SOUPETARD,873,721,7,714,82.59,29,4.06,2,0.29,12,1.68,13,1.82,20,2.8,14,1.96,267,37.39,139,19.47,148,20.73,8,1.12,4,0.56,58,8.12
00117,ECOLE SOUPETARD,901,743,11,732,82.46,35,4.78,1,0.13,7,0.96,13,1.78,19,2.6,13,1.78,244,33.33,139,18.99,197,26.91,5,0.68,2,0.27,57,7.79
00118,ECOLE ARMAND LEYGUE,1052,903,17,886,85.84,21,2.37,4,0.45,5,0.56,17,1.92,14,1.58,11,1.24,259,29.23,196,22.12,291,32.84,11,1.24,1,0.13,56,6.32
00119,ECOLE ARMAND LEYGUE,902,772,2,770,85.59,18,2.34,0,0.0,4,0.52,14,1.82,5,0.65,19,2.47,181,23.51,151,19.61,314,40.78,20,2.6,2,0.25,42,5.45
00120,ECOLE ARMAND LEYGUE,962,783,3,780,81.39,15,1.92,3,0.38,4,0.51,15,1.92,13,1.67,9,1.15,203,26.03,166,21.28,293,37.56,10,1.28,1,0.15,48,6.15
00121,ECOLE ARMAND LEYGUE,1112,961,9,952,86.42,17,1.79,2,0.18,4,0.42,25,2.63,9,0.95,24,2.52,273,28.68,218,22.9,323,33.93,9,0.95,3,0.32,45,4.73
00122,ECOLE ARMAND LEYGUE,996,853,4,849,85.64,18,2.12,1,0.12,3,0.35,12,1.41,3,0.35,18,2.12,177,20.85,216,25.44,362,42.64,10,1.18,0,0.0,29,3.42
00123,ECOLE ARMAND LEYGUE,1123,968,7,961,86.2,36,3.75,1,0.1,8,0.83,16,1.66,4,0.43,15,1.56,307,31.95,223,23.2,284,29.55,13,1.35,1,0.1,53,5.52
00124,ECOLE JEAN MACE,906,814,8,806,89.85,14,1.74,1,0.12,5,0.61,7,0.87,13,1.61,21,2.61,187,23.2,191,23.7,331,41.07,9,1.12,1,0.12,26,3.23
00125,ECOLE JEAN CHAUBET,896,782,6,776,87.28,19,2.45,1,0.13,3,0.39,19,2.45,7,0.9,17,2.19,223,28.74,173,22.29,267,34.41,14,1.8,2,0.26,31,3.99
00126,ECOLE JEAN CHAUBET,933,797,2,795,85.42,23,2.89,0,0.0,6,0.75,12,1.51,7,0.88,8,1.01,266,33.46,162,20.38,252,31.7,12,1.51,1,0.12,46,5.79
00127,ECOLE CHATEAU DE L HERS,872,744,10,734,85.32,13,1.77,0,0.0,4,0.54,6,0.82,12,1.63,12,1.63,237,32.29,157,21.39,237,32.29,14,1.91,3,0.42,39,5.31
00128,ECOLE CHATEAU DE L HERS,1115,947,7,940,84.93,34,3.62,1,0.11,12,1.28,18,1.91,31,3.3,11,1.17,356,37.87,195,20.74,207,22.02,6,0.64,6,0.64,63,6.7
00129,ECOLE CHATEAU DE L HERS,991,831,10,821,83.85,28,3.41,0,0.0,3,0.37,15,1.83,19,2.31,8,0.97,339,41.29,161,19.61,184,22.41,14,1.71,3,0.37,47,5.72
00130,ECOLE CHATEAU DE L HERS,1119,969,9,960,86.6,34,3.54,5,0.52,13,1.35,15,1.56,21,2.19,14,1.46,341,35.52,190,19.79,217,22.6,16,1.67,4,0.42,90,9.38
00131,ECOLE HENRI GUILLAUMET,925,803,3,800,86.81,36,4.5,0,0.0,3,0.35,7,0.88,8,1.0,10,1.25,228,28.5,175,21.88,251,31.38,7,0.88,7,0.88,68,8.5
00132,ECOLE HENRI GUILLAUMET,977,834,8,826,85.36,24,2.91,6,0.73,6,0.73,14,1.69,12,1.45,15,1.82,243,29.42,205,24.82,243,29.42,8,0.95,6,0.73,44,5.33
00133,ECOLE HENRI GUILLAUMET,949,820,7,813,86.41,35,4.31,3,0.34,9,1.11,10,1.23,9,1.11,14,1.72,282,34.69,152,18.7,212,26.08,12,1.48,6,0.74,69,8.49
00134,ECOLE HENRI GUILLAUMET,776,655,7,648,84.41,16,2.47,3,0.46,2,0.31,5,0.77,4,0.62,13,2.01,176,27.16,128,19.75,256,39.51,8,1.23,1,0.15,36,5.56
00135,ECOLE LA TERRASSE,987,860,10,850,87.13,26,3.06,2,0.24,3,0.35,5,0.59,8,0.94,14,1.65,262,30.82,235,27.65,239,28.12,11,1.29,3,0.35,42,4.94
00136,ECOLE LA TERRASSE,763,653,3,650,85.58,14,2.15,4,0.62,5,0.77,11,1.69,5,0.77,8,1.23,200,30.77,141,21.69,219,33.69,12,1.85,4,0.62,27,4.15
00137,ECOLE LA TERRASSE,996,897,7,890,90.06,18,2.02,1,0.11,3,0.34,14,1.57,12,1.35,18,2.02,281,31.57,227,25.51,266,29.89,9,1.01,4,0.45,37,4.16
00138,ECOLE LA TERRASSE,893,789,7,782,88.35,20,2.56,1,0.11,6,0.77,11,1.41,8,1.02,15,1.92,246,31.46,160,20.46,261,33.38,14,1.79,2,0.26,38,4.86
00139,MATERNELLE ANATOLE FRANCE,967,814,11,803,84.18,38,4.73,0,0.0,4,0.51,11,1.37,7,0.87,20,2.49,282,35.12,164,20.42,212,26.4,5,0.62,7,0.87,53,6.6
00140,MATERNELLE ANATOLE FRANCE,916,786,12,774,85.81,28,3.62,0,0.0,9,1.16,7,0.9,9,1.16,11,1.42,214,27.65,198,25.58,247,31.91,8,1.03,3,0.4,40,5.17
00141,MATERNELLE ANATOLE FRANCE,925,796,6,790,86.05,23,2.91,1,0.12,10,1.27,14,1.77,16,2.03,10,1.27,243,30.76,149,18.86,265,33.54,18,2.28,2,0.25,39,4.94
00142,ECOLE ANATOLE FRANCE,869,733,3,730,84.35,18,2.47,2,0.27,5,0.68,3,0.41,8,1.1,7,0.96,143,19.59,141,19.32,308,42.19,13,1.78,4,0.55,78,10.68
00143,ECOLE ANATOLE FRANCE,993,842,5,837,84.79,23,2.75,2,0.24,6,0.72,18,2.15,11,1.31,19,2.27,251,29.99,164,19.59,286,34.17,10,1.19,1,0.12,46,5.5
00144,ECOLE ANATOLE FRANCE,939,825,11,814,87.86,19,2.33,2,0.25,7,0.86,14,1.72,4,0.49,16,1.97,233,28.62,155,19.04,302,37.1,12,1.47,1,0.13,49,6.02
00145,ECOLE SAUZELONG,995,852,7,845,85.63,36,4.26,3,0.36,14,1.66,28,3.31,18,2.13,8,0.95,358,42.37,132,15.62,175,20.71,11,1.3,1,0.11,61,7.22
00146,ECOLE SAUZELONG,874,729,7,722,83.41,42,5.82,0,0.0,9,1.25,9,1.25,16,2.22,10,1.39,311,43.07,121,16.76,149,20.64,9,1.25,2,0.26,44,6.09
00147,ECOLE SAUZELONG,976,839,8,831,85.96,21,2.53,1,0.12,5,0.6,16,1.93,18,2.17,13,1.56,322,38.75,162,19.49,206,24.79,9,1.08,1,0.12,57,6.86
00148,ECOLE SAUZELONG,923,773,7,766,83.75,32,4.18,0,0.0,9,1.17,15,1.96,23,3.0,15,1.96,295,38.51,138,18.02,194,25.33,1,0.13,3,0.39,41,5.35
00149,ECOLE RICARDIE,963,813,11,802,84.42,25,3.12,3,0.37,6,0.75,18,2.24,15,1.87,12,1.5,305,38.03,150,18.7,176,21.95,9,1.12,1,0.13,82,10.22
00150,ECOLE RICARDIE,1116,956,7,949,85.66,29,3.06,2,0.21,5,0.52,20,2.11,19,2.0,19,2.0,388,40.89,188,19.81,222,23.39,9,0.95,2,0.21,46,4.85
00151,ECOLE RICARDIE,858,737,8,729,85.9,34,4.66,3,0.41,5,0.69,16,2.19,12,1.65,16,2.19,282,38.68,129,17.7,161,22.09,7,0.96,0,0.0,64,8.78
00152,ECOLE ANDRE DASTE,981,780,8,772,79.51,48,6.22,9,1.17,10,1.3,15,1.94,15,1.94,18,2.33,337,43.65,121,15.67,142,18.39,2,0.27,0,0.0,55,7.12
00153,ECOLE ANDRE DASTE,808,553,5,548,68.44,34,6.2,2,0.38,10,1.82,8,1.46,11,2.01,3,0.55,299,54.56,66,12.04,78,14.23,3,0.55,0,0.0,34,6.2
00154,ECOLE ANDRE DASTE,830,638,10,628,76.87,30,4.78,4,0.64,4,0.64,12,1.91,9,1.43,2,0.32,271,43.15,71,11.31,141,22.45,4,0.64,1,0.15,79,12.58
00155,MATERNELLE LEO LAGRANGE,778,575,4,571,73.91,28,4.9,1,0.17,8,1.4,15,2.63,7,1.23,11,1.93,244,42.73,92,16.11,106,18.56,4,0.7,3,0.53,52,9.11
00156,MATERNELLE LEO LAGRANGE,846,718,11,707,84.87,22,3.11,1,0.15,8,1.13,8,1.13,5,0.71,13,1.84,280,39.6,119,16.83,168,23.76,12,1.7,0,0.0,71,10.04
00157,ECOLE JULES JULIEN,1134,960,12,948,84.66,34,3.59,4,0.41,3,0.32,23,2.43,15,1.58,18,1.9,360,37.97,191,20.15,240,25.32,9,0.95,3,0.32,48,5.06
00158,ECOLE JULES JULIEN,1079,923,3,920,85.54,39,4.24,4,0.43,10,1.09,21,2.28,33,3.59,12,1.3,342,37.17,190,20.65,202,21.96,11,1.2,2,0.22,54,5.87
00159,ECOLE JULES JULIEN,1069,906,10,896,84.75,27,3.01,1,0.11,6,0.67,25,2.79,22,2.46,16,1.78,340,37.95,182,20.31,215,24.0,6,0.67,1,0.11,55,6.14
00160,ECOLE JULES JULIEN,1038,869,6,863,83.72,23,2.67,1,0.11,5,0.58,13,1.51,10,1.16,21,2.43,303,35.11,187,21.67,242,28.04,7,0.81,2,0.23,49,5.68
00161,ECOLE JULES JULIEN,980,852,6,846,86.94,23,2.72,3,0.35,9,1.06,18,2.13,16,1.89,13,1.54,331,39.13,139,16.43,212,25.06,9,1.06,5,0.59,68,8.04
00162,ECOLE JULES JULIEN,1012,835,8,827,82.51,46,5.56,3,0.36,6,0.73,18,2.18,21,2.54,18,2.18,312,37.73,150,18.14,190,22.97,12,1.45,3,0.36,48,5.8
00163,ECOLE JULES JULIEN,1051,902,11,891,85.82,34,3.82,4,0.45,3,0.34,10,1.12,11,1.23,13,1.46,375,42.09,198,22.22,196,22.0,16,1.8,1,0.1,30,3.37
00164,ECOLE JULES JULIEN,1139,950,11,939,83.41,34,3.62,3,0.32,5,0.53,25,2.66,11,1.17,24,2.56,393,41.85,197,20.98,201,21.41,8,0.85,2,0.22,36,3.83
00165,ECOLE LE PASTEL,882,784,7,777,88.89,25,3.22,2,0.27,6,0.77,7,0.9,6,0.77,17,2.19,304,39.12,176,22.65,199,25.61,5,0.64,0,0.0,30,3.86
00166,ECOLE MAURICE BECANNE,1074,913,15,898,85.01,46,5.12,3,0.33,6,0.67,29,3.23,11,1.24,13,1.45,355,39.53,187,20.82,184,20.49,6,0.67,3,0.33,55,6.12
00167,ECOLE MAURICE BECANNE,1026,831,8,823,80.99,31,3.77,0,0.0,9,1.09,23,2.79,13,1.58,16,1.94,323,39.25,146,17.74,195,23.69,13,1.58,6,0.74,48,5.83
00168,ECOLE PAPUS,972,787,7,780,80.97,52,6.67,0,0.0,10,1.28,7,0.9,47,6.03,14,1.79,306,39.23,103,13.21,152,19.49,5,0.64,4,0.5,80,10.26
00169,ECOLE PAPUS,985,783,8,775,79.49,31,4.0,5,0.65,15,1.94,8,1.03,25,3.23,9,1.16,321,41.42,114,14.71,156,20.13,8,1.03,1,0.12,82,10.58
00170,ECOLE PAPUS,977,787,7,780,80.55,31,3.97,3,0.38,5,0.64,11,1.41,13,1.67,15,1.92,273,35.0,135,17.31,220,28.21,11,1.41,2,0.26,61,7.82
00171,ECOLE PAPUS,931,725,7,718,77.87,36,5.01,3,0.42,10,1.39,21,2.92,21,2.92,3,0.42,314,43.73,81,11.28,164,22.84,10,1.39,4,0.58,51,7.1
00173,ECOLE BUFFON,936,764,16,748,81.62,23,3.07,6,0.79,9,1.2,7,0.94,15,2.01,13,1.74,332,44.39,105,14.04,157,20.99,5,0.67,5,0.67,71,9.49
00174,ECOLE BUFFON,1100,959,6,953,87.18,38,3.99,3,0.31,10,1.05,18,1.89,22,2.31,15,1.57,355,37.25,180,18.89,244,25.6,4,0.42,1,0.11,63,6.61
00175,ECOLE GEORGES HYON,812,586,4,582,72.17,27,4.64,1,0.17,6,1.03,6,1.03,5,0.86,6,1.03,344,59.11,42,7.22,99,17.01,1,0.17,0,0.0,45,7.73
00176,ECOLE GEORGES HYON,775,545,5,540,70.32,17,3.15,1,0.19,4,0.74,11,2.04,9,1.67,3,0.53,355,65.74,52,9.63,61,11.3,1,0.19,1,0.19,25,4.63
00177,ECOLE GEORGES HYON,747,587,6,581,78.58,14,2.41,1,0.18,9,1.55,20,3.44,13,2.24,9,1.55,238,40.96,76,13.08,139,23.92,10,1.72,3,0.52,49,8.43
00178,ECOLE GEORGES HYON,684,519,10,509,75.88,16,3.14,1,0.21,6,1.18,11,2.16,16,3.14,5,0.98,239,46.95,51,10.02,104,20.43,3,0.59,2,0.39,55,10.81
00179,ECOLE SYLVAIN DAURIAC,685,562,3,559,82.04,24,4.29,2,0.36,9,1.61,15,2.68,17,3.04,5,0.89,218,39.0,76,13.6,146,26.12,8,1.43,3,0.54,36,6.44
00180,ECOLE SYLVAIN DAURIAC,714,576,6,570,80.67,21,3.68,1,0.19,9,1.58,4,0.7,9,1.58,4,0.7,293,51.4,66,11.58,111,19.47,9,1.58,2,0.35,41,7.19
00181,ECOLE SYLVAIN DAURIAC,937,763,7,756,81.43,33,4.37,1,0.13,9,1.19,16,2.12,8,1.06,6,0.79,370,48.94,110,14.55,152,20.11,6,0.79,0,0.0,45,5.95
00182,ECOLE SYLVAIN DAURIAC,810,680,3,677,83.95,23,3.4,2,0.3,2,0.3,9,1.33,12,1.77,9,1.33,208,30.72,150,22.16,198,29.25,8,1.18,1,0.14,55,8.12
00183,ECOLE LES OUSTALOUS,906,793,7,786,87.53,10,1.27,2,0.25,1,0.14,9,1.15,13,1.65,11,1.4,198,25.19,192,24.43,291,37.02,6,0.76,4,0.51,49,6.23
00184,CSC ALBAN MINVILLE,922,669,13,656,72.56,26,3.96,3,0.46,3,0.46,17,2.59,14,2.13,6,0.91,330,50.3,78,11.89,139,21.19,7,1.07,2,0.31,31,4.73
00185,CSC ALBAN MINVILLE,822,611,8,603,74.33,26,4.31,0,0.0,13,2.16,16,2.65,19,3.15,2,0.33,312,51.74,84,13.93,85,14.1,4,0.66,1,0.17,41,6.8
00186,CSC ALBAN MINVILLE,1010,712,7,705,70.5,22,3.12,2,0.28,7,0.99,8,1.13,10,1.42,3,0.43,489,69.36,62,8.79,77,10.92,1,0.16,0,0.0,24,3.4
00188,CSC ALBAN MINVILLE,757,610,4,606,80.58,32,5.28,3,0.5,3,0.5,14,2.31,37,6.11,6,0.99,233,38.45,93,15.35,123,20.3,9,1.49,4,0.63,49,8.09
00189,MATERNELLE JEAN GILLES,806,642,12,630,79.65,29,4.6,1,0.17,16,2.54,9,1.43,14,2.22,8,1.27,259,41.11,108,17.14,130,20.63,8,1.27,2,0.32,46,7.3
00190,MATERNELLE JEAN GILLES,1015,761,6,755,74.98,28,3.71,0,0.0,4,0.53,22,2.91,12,1.59,4,0.53,479,63.44,86,11.39,81,10.73,8,1.06,3,0.4,28,3.71
00191,MATERNELLE JEAN GILLES,868,648,7,641,74.65,15,2.34,0,0.0,4,0.64,14,2.18,13,2.03,5,0.78,447,69.73,69,10.76,62,9.67,0,0.0,0,0.0,12,1.87
00192,MATERNELLE LES VERGERS,753,612,6,606,81.27,33,5.45,4,0.66,7,1.16,11,1.82,20,3.3,8,1.32,215,35.48,97,16.01,132,21.78,7,1.16,1,0.14,71,11.72
00193,MATERNELLE LES VERGERS,671,552,5,547,82.27,20,3.66,2,0.35,6,1.1,9,1.65,7,1.28,5,0.91,232,42.41,63,11.52,155,28.34,0,0.0,3,0.55,45,8.23
00194,ECOLE FERDINAND DE LESSEPS,819,712,6,706,86.94,28,3.97,4,0.57,5,0.71,16,2.27,10,1.42,14,1.98,268,37.96,138,19.55,162,22.95,6,0.85,3,0.4,52,7.37
00195,ECOLE FERDINAND DE LESSEPS,788,683,11,672,86.68,15,2.23,1,0.16,7,1.04,14,2.08,6,0.89,7,1.04,253,37.65,125,18.6,185,27.53,9,1.34,2,0.3,48,7.14
00196,ECOLE PAUL BERT,1217,1099,7,1092,90.3,35,3.21,1,0.09,10,0.92,12,1.1,10,0.92,20,1.83,369,33.79,209,19.14,337,30.86,7,0.64,3,0.27,79,7.23
00197,ECOLE PAUL BERT,1020,908,8,900,89.02,27,3.0,6,0.67,8,0.89,12,1.33,18,2.0,24,2.67,306,34.0,168,18.67,251,27.89,9,1.0,2,0.21,69,7.67
00198,ECOLE PAUL BERT,1123,1010,9,1001,89.94,41,4.1,1,0.09,13,1.3,14,1.4,9,0.9,16,1.6,285,28.47,215,21.48,300,29.97,13,1.3,2,0.2,92,9.19
00199,FOYER DU 3 EME AGE,519,411,4,407,79.19,17,4.18,0,0.0,6,1.47,4,0.98,14,3.44,1,0.24,117,28.75,75,18.43,89,21.87,3,0.74,2,0.49,79,19.41
00200,ECOLE PRIMAIRE LARDENNE,1168,1007,9,998,86.22,38,3.81,0,0.0,6,0.6,20,2.0,18,1.8,19,1.9,276,27.66,227,22.75,289,28.96,10,1.0,6,0.6,89,8.92
00201,ECOLE PRIMAIRE LARDENNE,944,825,9,816,87.39,25,3.06,3,0.37,10,1.23,8,0.98,7,0.86,17,2.08,253,31.0,166,20.34,260,31.86,18,2.21,2,0.25,47,5.76
00202,ECOLE CHATEAU ANCELY,1275,1105,14,1091,86.67,40,3.67,6,0.55,7,0.64,20,1.83,17,1.56,25,2.29,359,32.91,259,23.74,266,24.38,13,1.19,3,0.27,76,6.97
00203,ECOLE LITTRE,1281,1133,17,1116,88.45,33,2.96,4,0.33,9,0.81,9,0.81,11,0.99,26,2.33,332,29.75,265,23.75,333,29.84,11,0.99,7,0.63,76,6.81
00204,ECOLE CHATEAU ANCELY,1066,902,13,889,84.62,43,4.84,1,0.12,17,1.91,20,2.25,43,4.84,13,1.46,341,38.36,154,17.32,199,22.38,5,0.56,2,0.22,51,5.74
00205,ECOLE CHATEAU ANCELY,1033,887,7,880,85.87,37,4.2,5,0.58,8,0.91,20,2.27,29,3.3,12,1.36,317,36.02,148,16.82,217,24.66,15,1.7,6,0.68,66,7.5
00206,ECOLE JULES FERRY,1091,911,6,905,83.5,38,4.2,1,0.11,12,1.33,15,1.66,10,1.1,5,0.55,312,34.48,182,20.11,243,26.85,9,0.99,3,0.33,75,8.29
00207,ECOLE JULES FERRY,945,788,8,780,83.39,35,4.49,1,0.12,7,0.9,14,1.79,15,1.92,13,1.67,290,37.18,119,15.26,206,26.41,7,0.9,2,0.26,71,9.1
00208,ECOLE JULES FERRY,947,794,10,784,83.84,27,3.44,0,0.0,6,0.77,14,1.79,12,1.53,6,0.77,288,36.73,129,16.45,230,29.34,8,1.02,4,0.51,60,7.65
00209,ECOLE JULES FERRY,1221,1064,9,1055,87.14,52,4.93,6,0.57,7,0.66,29,2.75,14,1.33,20,1.9,400,37.91,208,19.72,228,21.61,11,1.04,4,0.38,76,7.2
00210,ECOLE LALANDE,1015,834,2,832,82.17,33,3.97,3,0.36,12,1.44,17,2.04,12,1.44,9,1.09,265,31.85,151,18.15,228,27.4,14,1.68,3,0.36,85,10.22
00211,ECOLE LALANDE,1023,931,8,923,91.01,34,3.68,8,0.87,6,0.65,11,1.19,15,1.63,29,3.14,290,31.42,193,20.91,241,26.11,11,1.19,4,0.43,81,8.78
00212,MATERNELLE JEAN DIEUZAIDE,355,284,1,283,80.0,13,4.59,0,0.0,3,1.06,4,1.41,3,1.06,4,1.41,95,33.57,45,15.9,74,26.15,5,1.77,2,0.71,35,12.37
00213,ECOLE DU GRAND SELVE,1137,964,14,950,84.78,34,3.58,5,0.53,17,1.79,7,0.74,14,1.47,14,1.47,304,32.0,172,18.11,268,28.21,8,0.84,6,0.63,101,10.63
00214,ECOLE ERNEST RENAN,1338,1170,10,1160,87.44,58,5.0,1,0.09,10,0.86,18,1.55,16,1.38,22,1.9,397,34.22,232,20.0,283,24.4,16,1.38,10,0.86,97,8.36
00215,ECOLE ERNEST RENAN,1044,806,10,796,77.2,32,4.02,4,0.5,21,2.64,25,3.14,15,1.88,9,1.13,356,44.72,103,12.94,145,18.22,8,1.01,6,0.75,72,9.05
00216,ECOLE ERNEST RENAN,1092,933,11,922,85.44,27,2.93,0,0.0,14,1.52,20,2.17,19,2.06,15,1.63,357,38.72,170,18.44,229,24.84,8,0.87,2,0.2,61,6.62
00217,ECOLE CUVIER,1185,1039,7,1032,87.68,41,3.97,2,0.19,10,0.97,20,1.94,21,2.03,11,1.07,360,34.88,224,21.71,243,23.55,18,1.74,1,0.1,81,7.85
00218,ECOLE CUVIER,1060,918,7,911,86.6,23,2.52,3,0.32,9,0.99,16,1.76,8,0.88,19,2.09,254,27.88,178,19.54,307,33.7,12,1.32,6,0.66,76,8.34
00219,ECOLE CUVIER,1099,963,9,954,87.63,41,4.3,2,0.21,12,1.26,13,1.36,18,1.89,13,1.36,313,32.81,201,21.07,257,26.94,13,1.36,6,0.63,65,6.81
00220,ECOLE CUVIER,1056,879,14,865,83.24,33,3.82,4,0.45,7,0.81,18,2.08,21,2.43,14,1.62,279,32.25,165,19.08,228,26.36,14,1.62,9,1.04,73,8.44
00222,ECOLE CUVIER,1055,917,17,900,86.92,37,4.11,1,0.11,7,0.78,10,1.11,15,1.67,11,1.22,332,36.89,182,20.22,234,26.0,5,0.56,2,0.22,64,7.11
00223,ECOLE CUVIER,1133,969,16,953,85.53,39,4.09,2,0.23,7,0.73,19,1.99,10,1.05,16,1.68,293,30.75,224,23.5,252,26.44,9,0.94,7,0.73,75,7.87
00224,ECOLE LA MAOURINE,1476,1355,18,1337,91.8,52,3.89,7,0.52,7,0.52,22,1.65,17,1.27,28,2.09,408,30.52,297,22.21,385,28.8,18,1.35,8,0.6,88,6.58
00225,ECOLE LA MAOURINE,831,735,9,726,88.45,31,4.27,1,0.14,17,2.34,11,1.52,20,2.75,19,2.62,279,38.43,122,16.8,168,23.14,6,0.83,0,0.0,52,7.16
0025A,ECOLE PIERRE DUPONT,975,819,10,809,84.0,28,3.46,1,0.12,7,0.87,23,2.84,16,1.98,14,1.73,306,37.82,175,21.63,183,22.62,4,0.51,1,0.12,51,6.3
0036A,ECOLE LESPINASSE,1055,887,10,877,84.08,35,3.99,3,0.34,4,0.46,34,3.88,14,1.6,28,3.19,354,40.36,186,21.21,167,19.04,4,0.46,1,0.11,47,5.36
0039A,ECOLE MOLIERE,883,740,6,734,83.81,32,4.36,1,0.14,5,0.68,19,2.59,12,1.63,20,2.72,281,38.28,131,17.85,166,22.62,11,1.5,2,0.27,54,7.36
0044A,ECOLE PATTE D OIE,1161,983,5,978,84.67,26,2.66,3,0.32,6,0.61,18,1.84,15,1.53,19,1.94,340,34.76,200,20.45,264,26.99,18,1.84,0,0.0,69,7.06
0049A,ECOLE DES GAIS PINSONS,794,629,8,621,79.22,23,3.7,1,0.16,4,0.64,8,1.29,11,1.77,7,1.13,193,31.08,133,21.42,170,27.38,11,1.77,2,0.32,58,9.34
0056A,ECOLE SUPERIEURE DE COMMERCE,826,690,3,687,83.54,22,3.2,1,0.15,2,0.29,8,1.16,16,2.33,13,1.89,270,39.3,137,19.94,179,26.06,6,0.87,1,0.15,32,4.66
0067A,ECOLE FALGUIERE,892,733,14,719,82.17,22,3.06,0,0.0,1,0.13,20,2.78,12,1.67,20,2.78,263,36.58,145,20.17,188,26.15,5,0.7,2,0.28,41,5.7
0108A,ECOLE MICHOUN,937,807,5,802,86.13,21,2.62,2,0.25,5,0.62,19,2.37,21,2.62,14,1.75,316,39.4,124,15.46,213,26.56,13,1.62,4,0.5,50,6.23
0113A,ECOLE LA JUNCASSE,955,800,13,787,83.77,41,5.21,2,0.24,8,1.02,16,2.03,21,2.67,16,2.03,276,35.07,140,17.79,191,24.27,15,1.91,5,0.64,56,7.12
0124A,ECOLE JEAN MACE,863,779,4,775,90.27,25,3.23,1,0.13,5,0.65,7,0.9,1,0.13,17,2.19,230,29.68,173,22.32,277,35.74,8,1.03,0,0.0,31,4.0
0134A,ECOLE HENRI GUILLAUMET,1059,920,13,907,86.87,45,4.96,4,0.44,11,1.21,16,1.76,5,0.55,21,2.32,331,36.49,187,20.62,214,23.59,12,1.32,2,0.24,59,6.5
0138A,MATERNELLE LA TERRASSE,960,860,9,851,89.58,31,3.64,4,0.47,6,0.71,11,1.29,7,0.82,16,1.88,280,32.9,195,22.91,241,28.32,10,1.18,1,0.12,49,5.76
0144A,ECOLE ANATOLE FRANCE,933,792,5,787,84.89,36,4.57,2,0.26,5,0.64,15,1.91,9,1.14,14,1.78,278,35.32,170,21.6,205,26.05,9,1.14,3,0.38,41,5.21
0165A,ECOLE LE PASTEL,856,793,7,786,92.64,16,2.04,2,0.25,2,0.25,10,1.27,8,1.02,20,2.54,250,31.81,189,24.05,248,31.55,5,0.64,0,0.0,36,4.58
0174A,ECOLE BUFFON,1042,880,10,870,84.45,43,4.94,1,0.13,7,0.8,19,2.18,11,1.26,18,2.07,310,35.63,169,19.43,204,23.45,17,1.95,5,0.57,66,7.59
0191A,MATERNELLE JEAN GILLES,892,699,5,694,78.36,24,3.46,1,0.13,4,0.58,10,1.44,12,1.73,5,0.72,358,51.59,109,15.71,123,17.72,10,1.44,2,0.29,36,5.19
0193A,MATERNELLE LES VERGERS,836,699,10,689,83.61,41,5.95,1,0.13,9,1.31,13,1.89,11,1.6,11,1.6,278,40.35,108,15.67,147,21.34,8,1.16,3,0.44,59,8.56
0195A,ECOLE VIOLLET LE DUC,1122,953,16,937,84.94,44,4.7,1,0.1,12,1.28,10,1.07,16,1.71,12,1.28,402,42.9,174,18.57,188,20.06,13,1.39,4,0.43,61,6.51
0195B,ECOLE VIOLLET LE DUC,998,909,3,906,91.08,34,3.75,1,0.11,7,0.77,18,1.99,27,2.98,9,0.99,363,40.07,169,18.65,209,23.07,14,1.55,1,0.11,54,5.96
0198A,ECOLE PAUL BERT,1047,919,11,908,87.77,30,3.3,3,0.34,7,0.77,18,1.98,8,0.88,14,1.54,310,34.14,168,18.5,267,29.41,9,0.99,4,0.44,70,7.71
0200A,ECOLE PRIMAIRE LARDENNE,1115,988,5,983,88.61,35,3.56,1,0.11,4,0.41,14,1.42,6,0.61,27,2.75,285,28.99,241,24.52,309,31.43,7,0.71,2,0.2,52,5.29
0201A,ECOLE PRIMAIRE LARDENNE,865,752,5,747,86.94,16,2.14,1,0.14,5,0.67,9,1.2,9,1.2,17,2.28,209,27.98,148,19.81,273,36.55,6,0.8,0,0.0,54,7.23
0201B,ECOLE PRIMAIRE LARDENNE,871,751,8,743,86.22,29,3.9,3,0.4,5,0.67,8,1.08,11,1.48,13,1.75,248,33.38,137,18.44,230,30.96,6,0.81,2,0.27,51,6.86
0203A,ECOLE LITTRE,1079,923,9,914,85.54,36,3.94,2,0.21,7,0.77,5,0.55,9,0.98,18,1.97,291,31.84,150,16.41,294,32.17,13,1.42,7,0.77,82,8.97
0211A,ECOLE LALANDE,1140,1010,8,1002,88.6,42,4.19,6,0.6,9,0.9,12,1.2,16,1.6,22,2.2,307,30.64,196,19.56,286,28.54,7,0.69,6,0.6,93,9.28
