00001,SALLE DES COMMISSIONS,1002,763,7,756,76 %,54,7,54,7,233,30,102,13,9,1,1,0,0,0,59,7,13,1,231,30
00002,MATERNELLE LAKANAL,925,742,12,730,80 %,49,6,44,6,229,31,110,15,4,0,1,0,1,0,71,9,7,0,214,29
00003,ECOLE FOURTANIER,831,652,9,643,78 %,18,2,42,6,261,40,76,11,3,0,0,0,1,0,64,9,6,0,172,26
00004,ECOLE FOURTANIER,917,728,11,717,79 %,20,2,59,8,340,47,59,8,5,0,1,0,0,0,70,9,7,0,156,21
00005,ECOLE FOURTANIER,771,621,2,619,80 %,18,2,43,6,250,40,52,8,6,0,2,0,4,0,67,10,8,1,169,27
00006,ECOLE LAKANAL,1038,787,7,780,75 %,65,8,38,4,168,21,142,18,7,0,3,0,1,0,78,10,5,0,273,35
00007,ECOLE LAKANAL,887,676,5,671,76 %,49,7,26,3,174,25,117,17,9,1,0,0,0,0,71,10,7,1,218,32
00008,ECOLE MICHELET,896,711,6,704,79 %,49,6,35,4,183,25,122,17,5,0,4,0,2,0,61,8,6,0,237,33
00009,ECOLE MICHELET,929,719,7,712,77 %,38,5,38,5,224,31,101,14,5,0,1,0,1,0,72,10,6,0,226,31
00010,ECOLE MICHELET,947,714,10,704,75 %,40,5,54,7,210,29,79,11,7,0,3,0,4,0,68,9,5,0,234,33
00011,ECOLE CALVINHAC,1092,886,8,878,81 %,46,5,61,6,322,36,125,14,6,0,1,0,4,0,79,9,5,0,229,26
00012,ECOLE CALVINHAC,1101,835,17,818,75 %,24,2,117,14,237,28,98,11,6,0,2,0,3,0,73,8,7,0,251,30
00013,ECOLE BONHOURE,1048,816,11,805,77 %,70,8,54,6,171,21,150,18,8,0,2,0,0,0,60,7,7,0,283,35
00014,ECOLE BONHOURE,978,795,8,787,81 %,52,6,46,5,254,32,117,14,6,0,0,0,1,0,74,9,7,0,230,29
00015,ECOLE BONHOURE,1041,827,10,817,79 %,60,7,59,7,183,22,141,17,6,0,0,0,2,0,73,8,8,0,285,34
00016,ECOLE BONHOURE,946,759,8,751,80 %,42,5,56,7,225,29,103,13,7,0,3,0,3,0,68,9,14,1,230,30
00017,ECOLE BONHOURE,960,765,4,761,79 %,32,4,71,9,211,27,129,16,3,0,2,0,1,0,67,8,20,2,225,29
00018,ECOLE JEAN JAURES,1159,922,12,910,79 %,37,4,68,7,257,28,155,17,9,0,1,0,3,0,76,8,15,1,289,31
00019,ECOLE JEAN JAURES,1087,866,7,859,79 %,45,5,57,6,284,33,120,13,13,1,0,0,0,0,99,11,11,1,230,26
00020,ECOLE JEAN JAURES,981,816,10,804,83 %,49,6,44,5,320,39,99,12,4,0,0,0,2,0,81,10,6,0,199,24
00021,ECOLE JEAN JAURES,911,757,5,752,83 %,30,3,49,6,350,46,73,9,4,0,0,0,1,0,79,10,9,1,157,20
00022,ECOLE JEAN JAURES,1035,807,12,795,77 %,35,4,45,5,285,35,97,12,12,1,1,0,3,0,78,9,3,0,236,29
00023,ECOLE PIERRE DUPONT,1149,894,14,880,77 %,51,5,66,7,141,16,149,16,21,2,4,0,4,0,83,9,11,1,350,39
00024,ECOLE PIERRE DUPONT,1011,786,5,781,77 %,52,6,40,5,172,22,142,18,8,1,2,0,0,0,86,11,9,1,270,34
00025,ECOLE PIERRE DUPONT,1035,778,9,769,75 %,48,6,46,5,165,21,151,19,14,1,1,0,3,0,72,9,9,1,260,33
00027,ECOLE FABRE,1056,846,13,833,80 %,55,6,53,6,290,34,132,15,5,0,5,0,0,0,87,10,12,1,194,23
00028,ECOLE FABRE,1027,794,6,789,77 %,44,5,55,6,224,28,133,16,7,0,1,0,1,0,95,12,4,0,225,28
00029,ECOLE FABRE,1111,867,4,863,78 %,62,7,46,5,252,29,116,13,8,0,3,0,8,0,110,12,7,0,251,29
00030,ECOLE FABRE,954,746,11,735,78 %,28,3,46,6,332,45,70,9,4,0,2,0,2,0,64,8,7,0,180,24
00031,ECOLE FABRE,958,744,5,739,77 %,26,3,48,6,318,43,69,9,4,0,1,0,5,0,77,10,5,0,186,25
00032,CENTRE CULTUREL,789,671,3,668,85 %,23,3,53,7,331,49,49,7,1,0,4,0,2,0,63,9,10,1,132,19
00033,ECOLE LESPINASSE,1025,817,13,804,79 %,49,6,69,8,154,19,135,16,10,1,2,0,1,0,58,7,15,1,311,38
00034,ECOLE LESPINASSE,938,763,6,757,81 %,42,5,63,8,137,18,133,17,13,1,5,0,1,0,74,9,9,1,280,36
00035,ECOLE LESPINASSE,1032,810,7,803,78 %,64,7,46,5,136,16,166,20,14,1,2,0,0,0,67,8,5,0,303,37
00036,ECOLE LESPINASSE,811,617,7,610,76 %,33,5,61,10,135,22,103,16,4,0,3,0,0,0,64,10,9,1,198,32
00037,ECOLE MOLIERE,869,674,6,668,77 %,54,8,58,8,140,20,107,16,19,2,3,0,2,0,55,8,7,1,223,33
00038,ECOLE MOLIERE,918,721,14,707,78 %,36,5,85,12,101,14,143,20,11,1,0,0,2,0,64,9,9,1,256,36
00039,ECOLE MOLIERE,1097,871,9,862,79 %,48,5,70,8,176,20,153,17,11,1,4,0,4,0,68,7,14,1,314,36
00040,ECOLE PATTE D OIE,1218,948,17,931,77 %,40,4,81,8,161,17,157,16,11,1,3,0,3,0,112,12,12,1,351,37
00041,ECOLE PATTE D OIE,946,746,6,740,78 %,44,5,91,12,142,19,136,18,8,1,2,0,2,0,58,7,8,1,249,33
00042,ECOLE PATTE D OIE,947,734,11,723,77 %,38,5,77,10,160,22,117,16,5,0,1,0,0,0,66,9,6,0,253,34
00043,ECOLE PATTE D OIE,992,782,8,774,78 %,31,4,98,12,170,21,124,16,11,1,0,0,3,0,56,7,4,0,277,35
00044,ECOLE PATTE D OIE,968,765,15,750,79 %,44,5,55,7,135,18,111,14,8,1,6,0,3,0,109,14,5,0,274,36
00045,ECOLE ETIENNE BILLIERES,1030,725,15,710,70 %,26,3,88,12,99,13,175,24,8,1,4,0,2,0,42,5,9,1,257,36
00046,ECOLE ETIENNE BILLIERES,985,801,11,788,81 %,21,2,78,9,188,23,116,14,3,0,3,0,2,0,71,9,4,0,302,38
00047,ECOLE ETIENNE BILLIERES,1025,820,9,811,80 %,39,4,82,10,145,17,160,19,8,0,3,0,0,0,59,7,12,1,303,37
00048,ECOLE ETIENNE BILLIERES,1012,752,12,740,74 %,28,3,93,12,124,16,149,20,11,1,5,0,2,0,28,3,13,1,287,38
00049,ECOLE DES GAIS PINSONS,698,569,9,560,81 %,21,3,50,8,88,15,101,18,9,1,1,0,4,0,49,8,4,0,233,41
00050,ECOLE FONTAINE BAYONNE,987,785,15,770,79 %,23,2,92,11,147,19,141,18,10,1,3,0,1,0,52,6,11,1,290,37
00051,ECOLE FONTAINE BAYONNE,1195,940,11,930,78 %,39,4,81,8,165,17,173,18,14,1,5,0,7,0,99,10,9,0,338,36
00052,ECOLE FONTAINE BAYONNE,1060,796,9,787,75 %,33,4,112,14,156,19,119,15,15,1,3,0,2,0,83,10,8,1,256,32
00053,ECOLE AMIDONNIERS,1052,827,12,815,78 %,42,5,65,7,177,21,125,15,6,0,0,0,0,0,84,10,10,1,306,37
00054,ECOLE AMIDONNIERS,960,749,13,736,78 %,45,6,62,8,143,19,115,15,11,1,5,0,3,0,74,10,9,1,269,36
00055,ECOLE AMIDONNIERS,1050,841,8,833,80 %,55,6,49,5,158,18,132,15,9,1,2,0,0,0,94,11,18,2,316,37
00056,ECOLE SUPERIEURE DE COMMERCE,1056,827,10,819,78 %,54,6,63,7,212,25,123,15,8,0,2,0,4,0,78,9,5,0,270,32
00057,FOYER DU 3 EME  AGE,644,516,8,509,80 %,26,5,46,9,148,29,96,18,8,1,2,0,1,0,42,8,3,0,137,26
00058,ECOLE CLAUDE NOUGARO,1160,896,16,880,77 %,36,4,71,8,180,20,161,18,6,0,2,0,3,0,88,10,12,1,321,36
00059,ECOLE CLAUDE NOUGARO,1109,905,9,896,81 %,46,5,74,8,196,21,161,17,10,1,1,0,0,0,96,10,13,1,299,33
00060,ECOLE CLAUDE NOUGARO,1097,853,11,841,77 %,38,4,86,10,179,21,139,16,7,0,6,0,0,0,66,7,12,1,308,36
00061,ECOLE ALFRED DE MUSSET,869,682,7,675,78 %,33,4,63,9,142,21,107,15,13,1,4,0,1,0,55,8,14,2,243,36
00062,ECOLE ALFRED DE MUSSET,1023,744,9,735,72 %,38,5,69,9,150,20,130,17,11,1,4,0,0,0,51,6,12,1,270,36
00063,ECOLE ALFRED DE MUSSET,780,543,13,530,69 %,10,1,71,13,69,13,97,18,6,1,3,0,3,0,33,6,8,1,230,43
00064,MATERNELLE DU BEARNAIS,1458,1198,18,1180,82 %,38,3,115,9,233,19,189,16,14,1,2,0,4,0,118,10,12,1,455,38
00065,MATERNELLE DU BEARNAIS,1040,809,17,792,77 %,39,4,101,12,194,24,101,12,7,0,2,0,0,0,70,8,5,0,273,34
00066,ECOLE FALGUIERE,820,621,4,617,75 %,33,5,35,5,166,26,89,14,2,0,1,0,0,0,53,8,13,2,225,36
00067,ECOLE FALGUIERE,912,743,9,734,81 %,33,4,40,5,171,23,119,16,6,0,2,0,3,0,93,12,9,1,258,35
00068,ECOLE DES SEPT DENIERS,953,760,10,750,79 %,27,3,75,10,193,25,109,14,6,0,2,0,0,0,95,12,3,0,240,32
00069,ECOLE DES SEPT DENIERS,1337,1119,19,1101,83 %,27,2,124,11,235,21,193,17,7,0,2,0,1,0,114,10,11,1,387,35
00070,MAIRIE ANNEXE DES SEPT DENIERS,778,636,10,626,81 %,29,4,74,11,149,23,91,14,3,0,3,0,0,0,66,10,9,1,202,32
00071,MAIRIE ANNEXE DES SEPT DENIERS,917,689,8,681,75 %,38,5,93,13,113,16,125,18,11,1,5,0,1,0,42,6,10,1,243,35
00072,ECOLE SERMET,976,720,8,713,73 %,49,6,39,5,167,23,135,18,9,1,0,0,4,0,70,9,5,0,235,32
00073,ECOLE SERMET,1115,851,7,844,76 %,53,6,45,5,195,23,166,19,5,0,3,0,3,0,81,9,8,0,285,33
00074,SALLE SENECHAL,941,731,7,724,77 %,26,3,52,7,303,41,88,12,5,0,2,0,2,0,70,9,5,0,171,23
00075,ECOLE DU NORD,908,677,10,667,74 %,45,6,42,6,111,16,156,23,10,1,3,0,0,0,41,6,6,0,253,37
00076,ECOLE DU NORD,974,742,6,736,76 %,59,8,44,5,174,23,144,19,2,0,3,0,2,0,54,7,9,1,245,33
00077,ECOLE DU NORD,947,754,3,751,79 %,44,5,35,4,231,30,112,14,5,0,0,0,3,0,80,10,12,1,229,30
00078,ECOLE DU NORD,948,767,6,761,80 %,33,4,51,6,247,32,106,13,4,0,2,0,3,0,77,10,7,0,231,30
00079,ECOLE DU NORD,861,684,6,678,79 %,50,7,31,4,175,25,93,13,7,1,0,0,2,0,72,10,3,0,245,36
00080,ECOLE BAYARD,1139,836,9,827,73 %,43,5,63,7,214,25,143,17,8,0,3,0,1,0,79,9,7,0,266,32
00081,ECOLE BAYARD,1112,761,2,759,68 %,53,6,70,9,139,18,132,17,7,0,4,0,1,0,57,7,11,1,285,37
00082,ECOLE BAYARD,996,755,6,750,75 %,46,6,38,5,220,29,133,17,3,0,3,0,1,0,65,8,6,0,235,31
00083,ECOLE BAYARD,1112,900,6,894,80 %,54,6,63,7,311,34,124,13,7,0,3,0,0,0,80,8,5,0,247,27
00084,ECOLE BAYARD,1167,940,9,931,80 %,48,5,52,5,246,26,153,16,5,0,1,0,1,0,83,8,11,1,331,35
00085,PISCINE LEO LAGRANGE,988,747,7,740,75 %,45,6,54,7,188,25,151,20,9,1,2,0,1,0,69,9,6,0,215,29
00086,PISCINE LEO LAGRANGE,1025,813,8,806,79 %,49,6,49,6,183,22,142,17,15,1,1,0,2,0,73,9,10,1,282,34
00087,ECOLE BONNEFOY,1180,916,10,906,77 %,51,5,99,10,174,19,170,18,10,1,1,0,4,0,67,7,11,1,319,35
00088,ECOLE BONNEFOY,1132,877,10,867,77 %,45,5,92,10,185,21,158,18,9,1,2,0,1,0,70,8,8,0,297,34
00089,ECOLE BONNEFOY,1218,942,13,928,77 %,36,3,108,11,231,24,157,16,4,0,2,0,0,0,75,8,10,1,305,32
00090,ECOLE BONNEFOY,1109,820,16,803,73 %,48,5,82,10,158,19,126,15,8,1,6,0,1,0,69,8,10,1,295,36
00091,ECOLE BONNEFOY,1093,803,15,788,73 %,35,4,77,9,154,19,176,22,5,0,6,0,2,0,66,8,8,1,259,32
00092,ECOLE BONNEFOY,1161,875,12,863,75 %,34,3,76,8,214,24,149,17,7,0,1,0,2,0,80,9,15,1,285,33
00093,ECOLE BONNEFOY,1188,923,16,907,77 %,54,5,62,6,197,21,160,17,13,1,3,0,0,0,96,10,12,1,310,34
00094,ECOLE PIERRE ET MARIE CURIE,1099,867,8,859,78 %,49,5,64,7,176,20,187,21,11,1,2,0,3,0,71,8,13,1,283,32
00095,ECOLE PIERRE ET MARIE CURIE,1016,798,9,789,78 %,48,6,83,10,132,16,140,17,8,1,3,0,2,0,74,9,16,2,283,35
00096,ECOLE PIERRE ET MARIE CURIE,969,757,15,742,78 %,34,4,93,12,123,16,152,20,3,0,3,0,3,0,68,9,14,1,249,33
00097,ECOLE PIERRE ET MARIE CURIE,1055,827,9,818,78 %,28,3,117,14,144,17,141,17,11,1,4,0,4,0,69,8,6,0,294,35
00099,ECOLE PIERRE ET MARIE CURIE,945,709,10,699,75 %,37,5,78,11,141,20,123,17,18,2,5,0,3,0,54,7,8,1,232,33
0010A,ECOLE MICHELET,989,750,4,747,75 %,32,4,55,7,196,26,125,16,6,0,4,0,2,0,60,8,6,0,261,34
00100,ECOLE MONGE,1022,758,8,750,74 %,72,9,48,6,111,14,181,24,11,1,5,0,1,0,53,7,12,1,256,34
00101,ECOLE MONGE,1123,901,4,897,80 %,61,6,64,7,188,20,155,17,19,2,2,0,3,0,89,9,4,0,312,34
00102,ECOLE MONGE,722,515,5,510,71 %,18,3,51,10,86,16,107,20,6,1,1,0,2,0,45,8,6,1,188,36
00103,ECOLE MONGE,858,642,12,630,74 %,32,5,54,8,117,18,112,17,8,1,5,0,1,0,44,6,9,1,248,39
00104,ECOLE MICHOUN,1041,819,5,814,78 %,42,5,97,11,213,26,128,15,10,1,3,0,3,0,68,8,15,1,235,28
00105,ECOLE MICHOUN,988,741,12,729,75 %,15,2,101,13,165,22,113,15,7,0,2,0,0,0,46,6,11,1,269,36
00106,ECOLE MICHOUN,943,728,12,716,77 %,19,2,108,15,125,17,132,18,9,1,2,0,0,0,50,6,10,1,261,36
00107,ECOLE MICHOUN,1023,812,12,800,79 %,22,2,116,14,176,22,102,12,10,1,2,0,0,0,88,11,15,1,269,33
00108,ECOLE MICHOUN,996,807,9,798,81 %,22,2,99,12,236,29,103,12,8,1,2,0,2,0,74,9,10,1,242,30
00109,ECOLE LA JUNCASSE,1075,824,8,816,76 %,26,3,93,11,225,27,134,16,5,0,1,0,2,0,73,8,11,1,246,30
00110,ECOLE LA JUNCASSE,902,723,12,711,80 %,34,4,59,8,193,27,106,14,10,1,1,0,1,0,60,8,11,1,236,33
00111,ECOLE LA JUNCASSE,969,758,7,751,78 %,32,4,85,11,182,24,92,12,9,1,1,0,1,0,81,10,11,1,257,34
00112,ECOLE LA JUNCASSE,845,614,17,597,72 %,18,3,99,16,127,21,96,16,5,0,3,0,2,0,34,5,6,1,207,34
00113,ECOLE LA JUNCASSE,1023,782,11,772,76 %,35,4,93,12,124,16,145,18,10,1,3,0,1,0,66,8,9,1,286,37
00114,ECOLE SOUPETARD,890,625,5,620,70 %,10,1,89,14,98,15,99,15,10,1,2,0,3,0,50,8,4,0,255,41
00115,ECOLE SOUPETARD,671,479,7,472,71 %,9,1,93,19,88,18,62,13,2,0,1,0,0,0,22,4,5,1,190,40
00116,ECOLE SOUPETARD,913,702,20,682,76 %,15,2,105,15,122,17,129,18,3,0,1,0,2,0,39,5,13,1,253,37
00117,ECOLE SOUPETARD,859,656,11,645,76 %,22,3,62,9,162,25,100,15,6,0,5,0,1,0,56,8,9,1,222,34
00118,ECOLE ARMAND LEYGUE,1104,880,14,866,79 %,48,5,78,9,266,30,94,10,4,0,1,0,1,0,97,11,8,0,269,31
00119,ECOLE ARMAND LEYGUE,940,767,10,757,81 %,23,3,70,9,315,41,67,8,5,0,1,0,1,0,80,10,7,0,188,24
00120,ECOLE ARMAND LEYGUE,1052,803,9,794,76 %,39,4,65,8,314,39,77,9,10,1,3,0,0,0,84,10,19,2,183,23
00121,ECOLE ARMAND LEYGUE,1053,844,6,838,80 %,43,5,72,8,283,33,93,11,5,0,5,0,1,0,79,9,17,2,240,28
00122,ECOLE ARMAND LEYGUE,1009,831,6,825,82 %,38,4,58,7,360,43,78,9,3,0,1,0,0,0,131,15,13,1,143,17
00123,ECOLE ARMAND LEYGUE,1113,850,15,835,76 %,44,5,63,7,232,27,128,15,6,0,2,0,1,0,79,9,7,0,273,32
00124,ECOLE JEAN MACE,1062,896,10,886,84 %,26,2,79,8,319,36,93,10,5,0,1,0,2,0,118,13,19,2,224,25
00125,ECOLE JEAN CHAUBET,958,785,7,778,81 %,33,4,47,6,258,33,106,13,4,0,3,0,3,0,97,12,9,1,218,28
00126,ECOLE JEAN CHAUBET,921,746,6,740,81 %,25,3,69,9,221,29,91,12,5,0,3,0,2,0,78,10,9,1,237,32
00127,ECOLE CHATEAU DE L HERS,899,732,10,722,81 %,34,4,59,8,249,34,83,11,8,1,1,0,2,0,82,11,7,0,197,27
00128,ECOLE CHATEAU DE L HERS,1102,874,10,864,79 %,34,3,94,10,153,17,165,19,14,1,7,0,4,0,73,8,13,1,307,35
00129,ECOLE CHATEAU DE L HERS,986,741,9,732,75 %,28,3,93,12,125,17,112,15,5,0,4,0,1,0,71,9,17,2,276,37
00130,ECOLE CHATEAU DE L HERS,1115,886,17,869,79 %,24,2,146,16,166,19,131,15,6,0,5,0,0,0,69,7,12,1,310,35
00131,ECOLE HENRI GUILLAUMET,1021,824,20,804,80 %,17,2,96,11,217,26,118,14,6,0,3,0,3,0,90,11,8,1,246,30
00132,ECOLE HENRI GUILLAUMET,1065,842,12,830,79 %,35,4,117,14,222,26,97,11,3,0,1,0,3,0,73,8,14,1,265,31
00133,ECOLE HENRI GUILLAUMET,971,771,16,755,79 %,23,3,113,14,170,22,107,14,9,1,5,0,2,0,72,9,11,1,243,32
00134,ECOLE HENRI GUILLAUMET,820,665,11,654,81 %,25,3,59,9,240,36,56,8,4,0,3,0,5,0,68,10,7,1,187,28
00135,ECOLE LA TERRASSE,1030,849,12,838,82 %,34,4,77,9,225,26,98,11,5,0,2,0,4,0,120,14,15,1,258,30
00136,ECOLE LA TERRASSE,717,589,16,575,82 %,20,3,35,6,201,34,57,9,6,1,1,0,2,0,55,9,8,1,190,33
00137,ECOLE LA TERRASSE,981,812,10,804,82 %,28,3,85,10,232,28,91,11,5,0,2,0,1,0,98,12,12,1,250,31
00138,ECOLE LA TERRASSE,898,744,10,734,82 %,27,3,59,8,235,32,75,10,8,1,0,0,1,0,94,12,9,1,226,30
00139,MATERNELLE ANATOLE FRANCE,966,744,12,733,77 %,33,4,89,12,172,23,99,13,6,0,4,0,2,0,83,11,10,1,235,32
00140,MATERNELLE ANATOLE FRANCE,910,720,8,712,79 %,25,3,75,10,210,29,97,13,7,0,2,0,3,0,90,12,11,1,192,26
00141,MATERNELLE ANATOLE FRANCE,959,769,7,762,80 %,37,4,68,8,236,30,98,12,7,0,4,0,1,0,80,10,14,1,217,28
00142,ECOLE ANATOLE FRANCE,910,712,14,698,78 %,20,2,193,27,234,33,52,7,3,0,0,0,0,0,60,8,5,0,131,18
00143,ECOLE ANATOLE FRANCE,959,762,5,757,79 %,35,4,65,8,261,34,92,12,9,1,2,0,2,0,88,11,10,1,193,25
00144,ECOLE ANATOLE FRANCE,990,805,9,796,81 %,29,3,65,8,270,33,94,11,1,0,6,0,2,0,78,9,11,1,240,30
00145,ECOLE SAUZELONG,1005,789,6,783,78 %,33,4,101,12,114,14,130,16,10,1,5,0,4,0,53,6,7,0,326,41
00146,ECOLE SAUZELONG,848,636,10,626,75 %,31,4,84,13,103,16,115,18,6,0,1,0,1,0,47,7,3,0,235,37
00147,ECOLE SAUZELONG,970,786,14,772,81 %,32,4,64,8,160,20,110,14,6,0,2,0,3,0,79,10,7,0,309,40
00148,ECOLE SAUZELONG,862,671,14,657,77 %,34,5,55,8,159,24,114,17,5,0,5,0,1,0,48,7,7,1,229,34
00149,ECOLE RICARDIE,1029,800,13,787,77 %,29,3,108,13,138,17,151,19,12,1,2,0,2,0,59,7,16,2,270,34
00150,ECOLE RICARDIE,1009,801,5,796,79 %,35,4,74,9,147,18,133,16,8,1,2,0,2,0,80,10,9,1,306,38
00151,ECOLE RICARDIE,951,760,10,749,79 %,45,6,74,9,144,19,126,16,3,0,6,0,0,0,58,7,9,1,284,37
00152,ECOLE ANDRE DASTE,958,619,8,611,64 %,17,2,93,15,70,11,127,20,10,1,4,0,3,0,39,6,8,1,240,39
00153,ECOLE ANDRE DASTE,770,406,3,403,52 %,5,1,35,8,36,8,95,23,4,0,2,0,1,0,10,2,2,0,213,52
00154,ECOLE ANDRE DASTE,794,492,7,485,61 %,13,2,78,16,59,12,80,16,5,1,5,1,2,0,20,4,5,1,218,44
00155,MATERNELLE LEO LAGRANGE,751,470,4,466,62 %,29,6,62,13,61,13,90,19,4,0,1,0,2,0,24,5,4,0,189,40
00156,MATERNELLE LEO LAGRANGE,897,670,9,661,74 %,12,1,83,12,138,20,103,15,5,0,3,0,1,0,49,7,8,1,259,39
00157,ECOLE JULES JULIEN,1183,921,13,908,77 %,48,5,80,8,208,22,145,15,10,1,2,0,2,0,74,8,16,1,323,35
00158,ECOLE JULES JULIEN,1160,919,14,905,79 %,47,5,94,10,134,14,162,17,17,1,4,0,1,0,89,9,11,1,346,38
00159,ECOLE JULES JULIEN,1193,944,15,929,79 %,47,5,84,9,180,19,161,17,11,1,5,0,2,0,78,8,11,1,350,37
00160,ECOLE JULES JULIEN,1023,812,9,803,79 %,48,5,73,9,191,23,107,13,9,1,0,0,0,0,86,10,8,0,281,34
00161,ECOLE JULES JULIEN,973,765,11,754,78 %,43,5,56,7,139,18,135,17,12,1,4,0,1,0,80,10,11,1,273,36
00162,ECOLE JULES JULIEN,1066,846,16,830,79 %,38,4,96,11,154,18,141,16,7,0,3,0,7,0,72,8,10,1,302,36
00163,ECOLE JULES JULIEN,1005,782,13,769,77 %,36,4,70,9,126,16,146,18,3,0,2,0,1,0,99,12,5,0,281,36
00164,ECOLE JULES JULIEN,1134,817,14,802,72 %,61,7,57,7,135,16,161,20,7,0,2,0,0,0,101,12,14,1,264,32
00165,ECOLE LE PASTEL,1339,1135,15,1120,84 %,50,4,77,6,232,20,137,12,10,0,4,0,1,0,136,12,11,0,462,41
00166,ECOLE MAURICE BECANNE,1140,903,13,890,79 %,48,5,99,11,173,19,169,18,6,0,4,0,1,0,82,9,8,0,300,33
00167,ECOLE MAURICE BECANNE,993,743,8,735,74 %,24,3,89,12,164,22,153,20,7,0,3,0,0,0,53,7,7,0,235,31
00168,ECOLE PAPUS,956,721,16,705,75 %,23,3,141,20,102,14,147,20,15,2,2,0,2,0,28,3,5,0,240,34
00169,ECOLE PAPUS,978,675,12,663,69 %,10,1,119,17,101,15,118,17,6,0,4,0,0,0,32,4,8,1,265,39
00170,ECOLE PAPUS,942,697,6,691,73 %,26,3,87,12,159,23,90,13,10,1,4,0,3,0,50,7,10,1,252,36
00171,ECOLE PAPUS,967,699,5,694,72 %,7,1,86,12,105,15,146,21,6,0,1,0,0,0,41,5,12,1,290,41
00173,ECOLE BUFFON,938,655,13,642,69 %,23,3,97,15,98,15,109,16,9,1,5,0,1,0,37,5,0,0,263,40
00174,ECOLE BUFFON,1105,862,10,852,78 %,31,3,114,13,160,18,163,19,5,0,7,0,4,0,61,7,13,1,294,34
00175,ECOLE GEORGES HYON,992,641,7,634,64 %,8,1,49,7,60,9,130,20,10,1,2,0,0,0,28,4,3,0,344,54
00177,ECOLE GEORGES HYON,1038,676,10,666,65 %,15,2,64,9,118,17,112,16,5,0,8,1,2,0,24,3,7,1,311,46
00178,ECOLE GEORGES HYON,979,645,6,639,65 %,8,1,72,11,88,13,114,17,4,0,1,0,2,0,21,3,3,0,326,51
00179,ECOLE SYLVAIN DAURIAC,694,531,10,521,76 %,16,3,52,9,108,20,81,15,8,1,4,0,1,0,35,6,6,1,210,40
00180,ECOLE SYLVAIN DAURIAC,741,523,1,522,70 %,7,1,57,10,65,12,111,21,3,0,1,0,0,0,19,3,3,0,256,49
00181,ECOLE SYLVAIN DAURIAC,945,634,9,624,67 %,19,3,70,11,96,15,112,17,7,1,2,0,3,0,35,5,6,0,274,43
00182,ECOLE SYLVAIN DAURIAC,822,638,11,627,77 %,23,3,68,10,153,24,94,14,7,1,2,0,1,0,40,6,8,1,231,36
00183,ECOLE LES OUSTALOUS,856,691,9,682,80 %,25,3,44,6,262,38,73,10,2,0,2,0,1,0,83,12,9,1,181,26
00184,CSC ALBAN MINVILLE,891,585,17,568,65 %,10,1,41,7,83,14,119,20,9,1,4,0,0,0,28,4,7,1,267,47
00185,CSC ALBAN MINVILLE,821,526,7,519,64 %,6,1,56,10,58,11,116,22,1,0,4,0,1,0,21,4,5,0,251,48
00186,CSC ALBAN MINVILLE,1094,659,4,655,60 %,7,1,30,4,43,6,137,20,7,1,1,0,1,0,14,2,4,0,411,62
00188,CSC ALBAN MINVILLE,757,549,12,537,72 %,9,1,76,14,75,13,106,19,9,1,3,0,2,0,36,6,1,0,220,40
00189,MATERNELLE JEAN GILLES,822,566,15,551,68 %,18,3,53,9,87,15,112,20,4,0,2,0,2,0,32,5,6,1,235,42
00190,MATERNELLE JEAN GILLES,999,582,13,569,58 %,9,1,38,6,44,7,133,23,5,0,5,0,1,0,15,2,4,0,315,55
00191,MATERNELLE JEAN GILLES,984,603,12,591,61 %,6,1,20,3,28,4,132,22,3,0,0,0,4,0,10,1,6,1,382,64
00192,MATERNELLE LES VERGERS,722,511,5,506,70 %,9,1,80,15,91,17,107,21,4,0,2,0,1,0,24,4,11,2,177,34
00193,MATERNELLE LES VERGERS,672,508,1,507,75 %,10,1,73,14,82,16,79,15,1,0,8,1,1,0,12,2,4,0,237,46
00194,ECOLE FERDINAND DE LESSEPS,861,675,11,664,78 %,25,3,76,11,99,14,145,21,8,1,4,0,5,0,47,7,11,1,244,36
00195,ECOLE FERDINAND DE LESSEPS,826,653,9,644,79 %,24,3,99,15,146,22,90,13,5,0,0,0,1,0,64,9,6,0,209,32
00196,ECOLE PAUL BERT,1093,936,15,920,85 %,27,2,140,15,171,18,129,14,7,0,2,0,1,0,94,10,14,1,335,36
00197,ECOLE PAUL BERT,991,819,12,807,82 %,36,4,86,10,222,27,116,14,9,1,2,0,1,0,93,11,10,1,232,28
00198,ECOLE PAUL BERT,1023,853,12,841,83 %,30,3,125,14,200,23,100,11,5,0,2,0,7,0,92,10,11,1,269,31
00199,FOYER DU 3 EME AGE,526,379,5,374,72 %,8,2,85,22,66,17,46,12,3,0,3,0,1,0,30,8,3,0,129,34
00200,ECOLE PRIMAIRE LARDENNE,1159,927,12,915,79 %,28,3,145,15,220,24,134,14,7,0,4,0,2,0,103,11,11,1,261,28
00201,ECOLE PRIMAIRE LARDENNE,970,797,8,789,82 %,35,4,101,12,245,31,79,10,5,0,0,0,1,0,80,10,14,1,229,29
00202,ECOLE CHATEAU ANCELY,1206,932,14,918,77 %,37,4,116,12,165,17,134,14,20,2,0,0,3,0,120,13,13,1,310,33
00203,ECOLE LITTRE,847,685,13,671,80 %,21,3,99,14,142,21,102,15,9,1,2,0,3,0,59,8,8,1,226,33
00204,ECOLE CHATEAU ANCELY,1130,889,10,879,78 %,21,2,121,13,156,17,148,16,7,0,4,0,2,0,65,7,12,1,343,39
00205,ECOLE CHATEAU ANCELY,1150,920,23,897,80 %,28,3,114,12,161,17,160,17,10,1,5,0,1,0,73,8,21,2,324,36
00206,ECOLE JULES FERRY,1111,833,14,819,74 %,34,4,106,12,145,17,120,14,10,1,5,0,2,0,71,8,10,1,316,38
00207,ECOLE JULES FERRY,1125,865,10,855,76 %,31,3,118,13,175,20,133,15,7,0,2,0,3,0,59,6,8,0,319,37
00208,ECOLE JULES FERRY,1191,952,13,939,79 %,35,3,110,11,222,23,137,14,10,1,6,0,2,0,67,7,12,1,338,36
00209,ECOLE JULES FERRY,1116,864,13,852,77 %,32,3,105,12,142,16,144,16,14,1,0,0,6,0,69,8,9,1,331,38
00210,ECOLE LALANDE,1240,957,17,940,77 %,21,2,178,18,183,19,124,13,11,1,5,0,3,0,79,8,15,1,321,34
00211,ECOLE LALANDE,1300,1053,9,1044,81 %,32,3,146,13,223,21,167,16,7,0,4,0,3,0,103,9,14,1,345,33
00212,MATERNELLE JEAN DIEUZAIDE,426,290,5,285,68 %,5,1,45,15,58,20,38,13,7,2,1,0,0,0,16,5,3,1,112,39
00213,ECOLE DU GRAND SELVE,996,791,8,781,79 %,25,3,111,14,179,22,142,18,10,1,6,0,6,0,58,7,16,2,228,29
00214,ECOLE ERNEST RENAN,1225,966,14,952,78 %,33,3,127,13,167,17,158,16,12,1,4,0,4,0,91,9,14,1,342,35
00215,ECOLE ERNEST RENAN,1298,951,9,942,73 %,26,2,150,15,151,16,179,19,12,1,6,0,2,0,76,8,18,1,322,34
00216,ECOLE ERNEST RENAN,1156,877,14,864,75 %,26,3,98,11,152,17,165,19,12,1,5,0,3,0,68,7,15,1,320,37
00217,ECOLE CUVIER,1301,1072,14,1058,82 %,33,3,141,13,181,17,186,17,16,1,7,0,2,0,94,8,17,1,381,36
00218,ECOLE CUVIER,1312,1082,19,1063,82 %,39,3,180,16,252,23,154,14,8,0,2,0,2,0,86,8,7,0,333,31
00219,ECOLE CUVIER,1122,901,18,883,80 %,26,2,107,12,183,20,134,15,10,1,5,0,1,0,89,10,9,1,319,36
0022A,ECOLE JEAN JAURES,980,804,13,791,82 %,51,6,59,7,253,31,109,13,8,1,0,0,2,0,86,10,11,1,212,26
00220,ECOLE CUVIER,1102,866,14,852,78 %,29,3,110,12,191,22,131,15,8,0,6,0,2,0,75,8,17,2,283,33
00222,ECOLE CUVIER,1228,972,17,955,79 %,33,3,125,13,182,19,153,16,8,0,3,0,5,0,94,9,12,1,340,35
00223,ECOLE CUVIER,1223,955,11,944,78 %,32,3,117,12,203,21,131,13,11,1,2,0,2,0,102,10,18,1,326,34
00224,ECOLE LA MAOURINE,1339,1117,23,1096,83 %,47,4,130,11,219,19,167,15,8,0,3,0,1,0,105,9,15,1,401,36
00225,ECOLE LA MAOURINE,1190,954,22,932,80 %,31,3,152,16,151,16,160,17,15,1,2,0,0,0,69,7,13,1,339,36
0025A,ECOLE PIERRE DUPONT,1002,796,10,786,79 %,41,5,72,9,143,18,131,16,7,0,4,0,1,0,79,10,9,1,299,38
0036A,ECOLE LESPINASSE,1101,837,12,825,76 %,57,6,52,6,134,16,200,24,13,1,3,0,1,0,89,10,10,1,266,32
0039A,ECOLE MOLIERE,911,723,13,710,79 %,42,5,61,8,133,18,125,17,6,0,4,0,2,0,68,9,4,0,265,37
0044A,ECOLE PATTE D OIE,1052,823,11,812,78 %,33,4,74,9,157,19,153,18,6,0,2,0,2,0,80,9,7,0,298,36
0044B,ECOLE PATTE D OIE,853,663,11,652,77 %,19,2,95,14,110,16,123,18,2,0,3,0,1,0,53,8,6,0,240,36
0049A,ECOLE DES GAIS PINSONS,842,657,11,646,78 %,25,3,89,13,141,21,115,17,6,0,2,0,3,0,63,9,5,0,197,30
0056A,ECOLE SUPERIEURE DE COMMERCE,852,665,11,654,78 %,34,5,53,8,137,20,89,13,8,1,0,0,4,0,67,10,11,1,251,38
0067A,ECOLE FALGUIERE,901,696,10,686,77 %,39,5,49,7,161,23,130,18,3,0,2,0,1,0,60,8,5,0,236,34
0108A,ECOLE MICHOUN,908,714,10,704,78 %,34,4,79,11,140,19,95,13,10,1,1,0,0,0,59,8,7,0,279,39
0113A,ECOLE LA JUNCASSE,1033,811,12,799,78 %,37,4,95,11,165,20,132,16,4,0,5,0,6,0,72,9,10,1,273,34
0124A,ECOLE JEAN MACE,938,798,11,786,85 %,25,3,61,7,279,35,87,11,5,0,2,0,0,0,91,11,8,1,228,29
0134A,ECOLE HENRI GUILLAUMET,1278,1021,13,1008,79 %,29,2,128,12,229,22,130,12,14,1,2,0,0,0,102,10,13,1,361,35
0138A,MATERNELLE LA TERRASSE,966,819,22,797,84 %,21,2,77,9,196,24,103,12,10,1,5,0,5,0,84,10,18,2,278,34
0144A,ECOLE ANATOLE FRANCE,988,787,14,773,79 %,35,4,81,10,202,26,105,13,8,1,4,0,2,0,75,9,10,1,251,32
0165A,ECOLE LE PASTEL,938,810,13,797,86 %,29,3,62,7,228,28,95,11,5,0,2,0,8,1,92,11,15,1,261,32
0174A,ECOLE BUFFON,1097,802,13,789,73 %,27,3,109,13,168,21,131,16,9,1,3,0,1,0,57,7,12,1,272,34
0191A,MATERNELLE JEAN GILLES,912,579,10,569,63 %,14,2,43,7,78,13,108,18,5,0,3,0,1,0,30,5,5,0,282,49
0193A,MATERNELLE LES VERGERS,787,575,5,570,73 %,9,1,93,16,85,14,132,23,6,1,4,0,4,0,29,5,5,0,203,35
0195A,ECOLE VIOLLET LE DUC,1095,824,16,808,75 %,30,3,112,13,119,14,134,16,13,1,4,0,1,0,55,6,11,1,329,40
0195B,ECOLE VIOLLET LE DUC,1066,930,13,917,87 %,33,3,99,10,178,19,163,17,11,1,2,0,1,0,84,9,15,1,331,36
0198A,ECOLE PAUL BERT,940,776,23,753,82 %,21,2,98,13,189,25,112,14,7,0,1,0,0,0,76,10,13,1,236,31
0198B,ECOLE PAUL BERT,1022,860,15,845,84 %,29,3,105,12,209,24,118,13,15,1,0,0,0,0,87,10,10,1,272,32
0200A,ECOLE PRIMAIRE LARDENNE,1078,848,20,828,78 %,39,4,104,12,212,25,87,10,3,0,1,0,2,0,112,13,11,1,257,31
0201A,ECOLE PRIMAIRE LARDENNE,1129,937,15,922,82 %,42,4,99,10,317,34,90,9,11,1,0,0,2,0,110,11,9,0,242,26
0201B,ECOLE PRIMAIRE LARDENNE,1015,816,11,805,80 %,31,3,100,12,201,24,93,11,3,0,1,0,0,0,97,12,8,0,271,33
0203A,ECOLE LITTRE,805,623,7,617,77 %,25,4,99,16,137,22,87,14,3,0,4,0,2,0,61,9,4,0,195,31
0203B,ECOLE LITTRE,994,798,14,784,80 %,23,2,91,11,189,24,107,13,13,1,4,0,2,0,78,9,8,1,269,34
0211A,ECOLE LALANDE,1238,1006,20,988,81 %,24,2,173,17,208,21,120,12,11,1,6,0,0,0,90,9,21,2,335,33
0216A,ECOLE ERNEST RENAN,1038,745,6,739,71 %,13,1,128,17,95,12,111,15,8,1,6,0,4,0,47,6,7,0,320,43
